zip,state_name,density
43001,Ohio,34.900002
43003,Ohio,33.200001
43005,Ohio,80.699997
43006,Ohio,13.3
43009,Ohio,23.9
43011,Ohio,35.099998
43013,Ohio,24.1
43014,Ohio,21.299999
43015,Ohio,148.60001
43019,Ohio,31.799999
43021,Ohio,111.6
43022,Ohio,38.900002
43023,Ohio,98.5
43025,Ohio,58.599998
43028,Ohio,54.400002
43029,Ohio,10.9
43031,Ohio,53.400002
43037,Ohio,44.700001
43040,Ohio,73.400002
43044,Ohio,27.200001
43045,Ohio,19.9
43046,Ohio,51.599998
43050,Ohio,71.900002
43056,Ohio,78.400002
43060,Ohio,37.299999
43061,Ohio,33.900002
43062,Ohio,135.39999
43064,Ohio,47.200001
43066,Ohio,13.3
43067,Ohio,19.700001
43071,Ohio,26.700001
43072,Ohio,31.200001
43074,Ohio,51.900002
43076,Ohio,48.799999
43078,Ohio,52.900002
43080,Ohio,28.799999
43084,Ohio,15.1
43102,Ohio,29.299999
43103,Ohio,49.5
43105,Ohio,54.900002
43106,Ohio,16.5
43107,Ohio,40.599998
43112,Ohio,51.099998
43113,Ohio,55.700001
43115,Ohio,10.6
43125,Ohio,149.60001
43128,Ohio,18.700001
43130,Ohio,142.10001
43135,Ohio,18
43137,Ohio,30.6
43138,Ohio,40.400002
43140,Ohio,41.799999
43143,Ohio,16.5
43144,Ohio,26.200001
43145,Ohio,13.7
43146,Ohio,59.799999
43148,Ohio,34.5
43149,Ohio,18
43150,Ohio,36.200001
43152,Ohio,8.1999998
43153,Ohio,7.0999999
43154,Ohio,49.099998
43155,Ohio,32.400002
43158,Ohio,50.700001
43160,Ohio,40
43162,Ohio,57.200001
43164,Ohio,15.1
43302,Ohio,108.4
43310,Ohio,18.700001
43311,Ohio,73.099998
43314,Ohio,21.9
43315,Ohio,33.599998
43316,Ohio,32.400002
43318,Ohio,21.9
43319,Ohio,19.200001
43320,Ohio,18.5
43321,Ohio,144.60001
43323,Ohio,7.0999999
43324,Ohio,38.299999
43326,Ohio,28.5
43331,Ohio,55.799999
43332,Ohio,14.2
43333,Ohio,11.4
43334,Ohio,38.900002
43337,Ohio,12.3
43338,Ohio,42.099998
43340,Ohio,13.8
43341,Ohio,16.6
43342,Ohio,29.200001
43343,Ohio,17
43344,Ohio,22.700001
43345,Ohio,12.2
43347,Ohio,20.1
43351,Ohio,25.9
43356,Ohio,19.9
43357,Ohio,26.9
43358,Ohio,15.5
43359,Ohio,13.3
43360,Ohio,20.6
43402,Ohio,108.3
43406,Ohio,35.900002
43407,Ohio,16.799999
43408,Ohio,158.5
43410,Ohio,76.900002
43412,Ohio,58.299999
43413,Ohio,16.9
43416,Ohio,40.599998
43420,Ohio,87.599998
43430,Ohio,72.800003
43431,Ohio,37.799999
43432,Ohio,23.200001
43433,Ohio,73.300003
43435,Ohio,16.5
43437,Ohio,163.8
43438,Ohio,27.700001
43440,Ohio,117.7
43442,Ohio,22.200001
43443,Ohio,60.5
43445,Ohio,23.700001
43446,Ohio,7.6999998
43447,Ohio,78.900002
43449,Ohio,37.799999
43450,Ohio,32.799999
43451,Ohio,17.6
43452,Ohio,113.7
43456,Ohio,64.800003
43457,Ohio,30.299999
43458,Ohio,160.89999
43462,Ohio,17.5
43464,Ohio,16.9
43465,Ohio,177.60001
43466,Ohio,30.5
43467,Ohio,118
43469,Ohio,52.599998
43501,Ohio,12.6
43502,Ohio,38.900002
43504,Ohio,27.6
43506,Ohio,56.299999
43511,Ohio,8
43512,Ohio,50.599998
43515,Ohio,37.700001
43516,Ohio,16.200001
43517,Ohio,22.299999
43518,Ohio,15.3
43519,Ohio,55.299999
43521,Ohio,16.299999
43522,Ohio,40.799999
43523,Ohio,17.5
43524,Ohio,15.9
43526,Ohio,30.200001
43527,Ohio,16.799999
43529,Ohio,137.60001
43532,Ohio,33.200001
43533,Ohio,24
43534,Ohio,18.700001
43535,Ohio,12.2
43536,Ohio,9.8999996
43540,Ohio,30.6
43541,Ohio,142.8
43542,Ohio,95.300003
43543,Ohio,34.299999
43545,Ohio,40.700001
43548,Ohio,11.4
43549,Ohio,18.6
43551,Ohio,180.60001
43554,Ohio,27
43556,Ohio,22.6
43557,Ohio,29.6
43558,Ohio,63.200001
43566,Ohio,149.10001
43567,Ohio,45.400002
43569,Ohio,31.299999
43570,Ohio,25.700001
43571,Ohio,122.4
43701,Ohio,119.1
43711,Ohio,164.7
43713,Ohio,31.5
43716,Ohio,11.2
43718,Ohio,23.200001
43719,Ohio,26.9
43720,Ohio,11.1
43721,Ohio,151.2
43723,Ohio,108.6
43724,Ohio,22.9
43725,Ohio,58.900002
43727,Ohio,7.5999999
43728,Ohio,12.9
43730,Ohio,20.799999
43731,Ohio,41.400002
43732,Ohio,8.8999996
43733,Ohio,39.799999
43734,Ohio,118.3
43735,Ohio,129.2
43739,Ohio,24.5
43746,Ohio,26.200001
43747,Ohio,13.2
43748,Ohio,29.799999
43749,Ohio,9.1999998
43750,Ohio,58.5
43754,Ohio,8
43755,Ohio,17.6
43756,Ohio,14.4
43758,Ohio,14.7
43759,Ohio,182.39999
43760,Ohio,20.4
43761,Ohio,69
43762,Ohio,28.799999
43764,Ohio,54.700001
43766,Ohio,17.1
43767,Ohio,17.4
43768,Ohio,167.10001
43771,Ohio,31.1
43772,Ohio,21.299999
43773,Ohio,11.9
43777,Ohio,34.400002
43778,Ohio,13
43779,Ohio,10.6
43780,Ohio,22.9
43782,Ohio,26.6
43783,Ohio,30.1
43786,Ohio,58
43787,Ohio,15.4
43788,Ohio,8.6999998
43793,Ohio,19.1
43802,Ohio,11
43804,Ohio,46.700001
43805,Ohio,23
43811,Ohio,17
43812,Ohio,45.599998
43821,Ohio,20.200001
43822,Ohio,20.299999
43824,Ohio,19.1
43830,Ohio,46.700001
43832,Ohio,28.6
43837,Ohio,14.9
43840,Ohio,15
43843,Ohio,10.2
43844,Ohio,12
43845,Ohio,62.5
43901,Ohio,27.4
43902,Ohio,4.5
43903,Ohio,22.799999
43906,Ohio,104
43907,Ohio,14.7
43908,Ohio,19.5
43910,Ohio,25.4
43912,Ohio,139.39999
43914,Ohio,62.299999
43915,Ohio,10.8
43917,Ohio,34.200001
43927,Ohio,69.699997
43928,Ohio,34
43930,Ohio,9.1000004
43932,Ohio,19.6
43933,Ohio,16.799999
43935,Ohio,176.39999
43938,Ohio,70
43942,Ohio,46.099998
43943,Ohio,32.200001
43944,Ohio,34
43945,Ohio,19
43946,Ohio,13.9
43947,Ohio,120.9
43950,Ohio,73.800003
43962,Ohio,33.5
43964,Ohio,77.699997
43967,Ohio,79.599998
43968,Ohio,80.900002
43970,Ohio,67.199997
43973,Ohio,8.5
43976,Ohio,26.9
43977,Ohio,20.200001
43983,Ohio,8.3000002
43985,Ohio,119.7
43986,Ohio,19
43988,Ohio,18.299999
44003,Ohio,27.1
44004,Ohio,178.3
44010,Ohio,33.700001
44021,Ohio,60.799999
44023,Ohio,129.60001
44024,Ohio,100.7
44026,Ohio,150.8
44028,Ohio,98.5
44030,Ohio,108.4
44032,Ohio,14.9
44040,Ohio,121.6
44041,Ohio,89.599998
44044,Ohio,111.4
44045,Ohio,160.39999
44046,Ohio,55.599998
44047,Ohio,33.700001
44048,Ohio,32.5
44050,Ohio,92.800003
44057,Ohio,154.2
44062,Ohio,75.5
44064,Ohio,28.4
44065,Ohio,78.599998
44072,Ohio,90.300003
44074,Ohio,91.099998
44076,Ohio,28.9
44080,Ohio,87.599998
44081,Ohio,134.10001
44082,Ohio,18.5
44084,Ohio,32.799999
44085,Ohio,25.1
44086,Ohio,33.5
44089,Ohio,177.7
44090,Ohio,42.700001
44093,Ohio,17.6
44099,Ohio,40.599998
44201,Ohio,48.799999
44214,Ohio,29.299999
44216,Ohio,156.60001
44217,Ohio,55.400002
44230,Ohio,185.10001
44231,Ohio,65.300003
44233,Ohio,110.6
44234,Ohio,65.400002
44235,Ohio,28.1
44253,Ohio,50.400002
44254,Ohio,71
44255,Ohio,73.400002
44256,Ohio,179.8
44260,Ohio,156.89999
44264,Ohio,41.900002
44265,Ohio,124.7
44266,Ohio,141.2
44270,Ohio,164.5
44272,Ohio,89.699997
44273,Ohio,66.900002
44275,Ohio,35.200001
44276,Ohio,38.900002
44280,Ohio,71.800003
44286,Ohio,98.699997
44287,Ohio,43.700001
44288,Ohio,96.900002
44401,Ohio,34.700001
44402,Ohio,35.799999
44403,Ohio,103.7
44404,Ohio,36.799999
44406,Ohio,160.10001
44408,Ohio,112
44410,Ohio,98.800003
44411,Ohio,47.200001
44412,Ohio,44.700001
44413,Ohio,118.2
44417,Ohio,19.200001
44418,Ohio,30.1
44423,Ohio,34.200001
44427,Ohio,20.299999
44428,Ohio,23.299999
44429,Ohio,153.10001
44430,Ohio,148.89999
44431,Ohio,69.5
44432,Ohio,51.200001
44436,Ohio,63.900002
44441,Ohio,38.5
44442,Ohio,176.5
44443,Ohio,51.200001
44444,Ohio,94.699997
44445,Ohio,80.300003
44449,Ohio,43.099998
44450,Ohio,17.299999
44451,Ohio,31.200001
44452,Ohio,91.599998
44454,Ohio,53.700001
44455,Ohio,35.299999
44460,Ohio,94.400002
44470,Ohio,54.700001
44473,Ohio,61.299999
44481,Ohio,70.099998
44491,Ohio,45.700001
44493,Ohio,38.5
44601,Ohio,166.7
44606,Ohio,72
44607,Ohio,43.200001
44608,Ohio,47.400002
44609,Ohio,51.200001
44611,Ohio,26.9
44612,Ohio,79.599998
44615,Ohio,29.799999
44618,Ohio,62.700001
44620,Ohio,26.6
44621,Ohio,59.099998
44622,Ohio,131
44624,Ohio,42.700001
44625,Ohio,28.9
44626,Ohio,41.900002
44627,Ohio,56.900002
44628,Ohio,10.7
44629,Ohio,45.299999
44632,Ohio,137.8
44633,Ohio,43.799999
44634,Ohio,43.900002
44637,Ohio,18.700001
44638,Ohio,20.5
44641,Ohio,145.10001
44643,Ohio,38.200001
44644,Ohio,83.599998
44645,Ohio,38.400002
44651,Ohio,13.8
44654,Ohio,48.400002
44656,Ohio,27.6
44657,Ohio,60.700001
44662,Ohio,62.099998
44663,Ohio,105
44666,Ohio,48.200001
44667,Ohio,112
44669,Ohio,30.700001
44671,Ohio,182.39999
44675,Ohio,26.4
44676,Ohio,34.400002
44677,Ohio,59.599998
44678,Ohio,63.200001
44680,Ohio,88.400002
44681,Ohio,50.700001
44683,Ohio,48.200001
44688,Ohio,51.299999
44689,Ohio,67.300003
44691,Ohio,107.7
44693,Ohio,34.400002
44695,Ohio,20.6
44697,Ohio,118.2
44699,Ohio,6.5999999
44730,Ohio,63.200001
44802,Ohio,14
44804,Ohio,22.9
44805,Ohio,81.5
44807,Ohio,12.9
44811,Ohio,42.299999
44813,Ohio,43.400002
44814,Ohio,43
44817,Ohio,19
44818,Ohio,14
44820,Ohio,43.599998
44822,Ohio,28.700001
44824,Ohio,63.099998
44826,Ohio,24.700001
44827,Ohio,57.700001
44830,Ohio,61.5
44833,Ohio,72.599998
44836,Ohio,29.200001
44837,Ohio,25.799999
44839,Ohio,136.8
44840,Ohio,24.1
44841,Ohio,14.4
44842,Ohio,29
44843,Ohio,33.700001
44844,Ohio,16.700001
44846,Ohio,55.5
44847,Ohio,20.6
44849,Ohio,17.9
44850,Ohio,150.89999
44851,Ohio,27.6
44853,Ohio,19.700001
44854,Ohio,17.4
44855,Ohio,18.200001
44857,Ohio,110.7
44859,Ohio,22.1
44864,Ohio,20.9
44865,Ohio,37.400002
44866,Ohio,33.599998
44867,Ohio,14.9
44875,Ohio,67.5
44878,Ohio,20.1
44880,Ohio,35.900002
44882,Ohio,15.3
44883,Ohio,68
44887,Ohio,13.1
44889,Ohio,32.799999
44890,Ohio,49.200001
44903,Ohio,86.5
44904,Ohio,104.7
45003,Ohio,25.5
45013,Ohio,175.89999
45030,Ohio,162.3
45036,Ohio,178.10001
45052,Ohio,117.7
45053,Ohio,48.700001
45054,Ohio,30.9
45056,Ohio,137.39999
45064,Ohio,34.900002
45068,Ohio,61.200001
45070,Ohio,184.10001
45101,Ohio,51.099998
45103,Ohio,140.8
45106,Ohio,63.599998
45107,Ohio,47.200001
45112,Ohio,99.099998
45113,Ohio,39.5
45115,Ohio,28.9
45118,Ohio,35.5
45120,Ohio,34.5
45121,Ohio,33.599998
45122,Ohio,96.5
45123,Ohio,34
45130,Ohio,40.200001
45133,Ohio,28.9
45135,Ohio,26.1
45142,Ohio,27
45144,Ohio,23.5
45146,Ohio,22.5
45147,Ohio,74.800003
45148,Ohio,26.5
45152,Ohio,84.800003
45153,Ohio,23.1
45154,Ohio,53.400002
45156,Ohio,59.700001
45157,Ohio,90.300003
45159,Ohio,25.700001
45162,Ohio,41.200001
45166,Ohio,51.200001
45167,Ohio,23.700001
45168,Ohio,18.9
45169,Ohio,19
45171,Ohio,31
45172,Ohio,114.6
45176,Ohio,66.699997
45177,Ohio,49.799999
45252,Ohio,155.89999
45302,Ohio,32.700001
45303,Ohio,27
45304,Ohio,33.200001
45306,Ohio,26.4
45308,Ohio,35.299999
45309,Ohio,70.300003
45311,Ohio,26.9
45312,Ohio,20.1
45314,Ohio,45.099998
45315,Ohio,157.39999
45317,Ohio,18.5
45318,Ohio,46.299999
45320,Ohio,45.299999
45321,Ohio,27.4
45325,Ohio,40
45326,Ohio,19.700001
45327,Ohio,71.699997
45331,Ohio,59.200001
45332,Ohio,18.6
45333,Ohio,23.4
45334,Ohio,30.6
45335,Ohio,31.6
45336,Ohio,77
45337,Ohio,31.9
45338,Ohio,40.200001
45339,Ohio,33.299999
45340,Ohio,13.9
45344,Ohio,99.099998
45345,Ohio,108.5
45346,Ohio,21.1
45347,Ohio,30.299999
45348,Ohio,12.7
45353,Ohio,26.9
45356,Ohio,127.5
45359,Ohio,50.5
45362,Ohio,12.9
45363,Ohio,29.299999
45365,Ohio,73.599998
45368,Ohio,23.1
45369,Ohio,31
45370,Ohio,44.099998
45371,Ohio,143.7
45373,Ohio,158.5
45380,Ohio,30.9
45381,Ohio,41.5
45382,Ohio,23.700001
45383,Ohio,104.2
45385,Ohio,105.2
45387,Ohio,72.400002
45388,Ohio,17.9
45390,Ohio,25.299999
45428,Ohio,157.2
45433,Ohio,71.900002
45502,Ohio,53.799999
45601,Ohio,65.300003
45612,Ohio,18
45613,Ohio,17.9
45614,Ohio,26.799999
45616,Ohio,7.3000002
45617,Ohio,162
45619,Ohio,90.400002
45620,Ohio,15.4
45622,Ohio,8.6000004
45623,Ohio,18.700001
45624,Ohio,89
45628,Ohio,25
45629,Ohio,43.599998
45631,Ohio,51.299999
45634,Ohio,23.799999
45636,Ohio,88.099998
45638,Ohio,107.7
45640,Ohio,34.599998
45644,Ohio,27
45645,Ohio,25.1
45646,Ohio,9.1000004
45647,Ohio,14.4
45648,Ohio,36.299999
45650,Ohio,11.2
45651,Ohio,15.6
45652,Ohio,40.900002
45653,Ohio,34.599998
45654,Ohio,6.3000002
45656,Ohio,19.700001
45657,Ohio,10.8
45658,Ohio,11.1
45659,Ohio,11.7
45660,Ohio,16.299999
45661,Ohio,29
45663,Ohio,40.299999
45669,Ohio,115.9
45671,Ohio,10.5
45672,Ohio,12.6
45674,Ohio,139.39999
45678,Ohio,10.4
45679,Ohio,18.700001
45680,Ohio,152.3
45681,Ohio,17
45682,Ohio,20.1
45684,Ohio,8.8000002
45685,Ohio,16
45686,Ohio,14.2
45688,Ohio,5
45690,Ohio,38.700001
45692,Ohio,41.400002
45693,Ohio,27.4
45694,Ohio,65.800003
45695,Ohio,7.0999999
45696,Ohio,15.4
45697,Ohio,18.299999
45698,Ohio,35.599998
45701,Ohio,88.900002
45710,Ohio,21.200001
45711,Ohio,8.3999996
45714,Ohio,111.5
45715,Ohio,23.799999
45723,Ohio,21.9
45724,Ohio,12.6
45727,Ohio,6.4000001
45729,Ohio,19.5
45732,Ohio,24.700001
45734,Ohio,6.0999999
45735,Ohio,13.3
45741,Ohio,8.3000002
45742,Ohio,43.099998
45743,Ohio,15.2
45744,Ohio,19.4
45745,Ohio,5.9000001
45746,Ohio,10.1
45750,Ohio,96.5
45760,Ohio,76.800003
45761,Ohio,20.299999
45764,Ohio,45.200001
45766,Ohio,18.1
45767,Ohio,9.5
45768,Ohio,22
45769,Ohio,24.4
45770,Ohio,11.7
45771,Ohio,21.5
45772,Ohio,19.200001
45773,Ohio,6.6999998
45775,Ohio,16.700001
45776,Ohio,15
45778,Ohio,13
45784,Ohio,34.900002
45786,Ohio,19.200001
45788,Ohio,12.6
45789,Ohio,6
45806,Ohio,71.800003
45807,Ohio,62.099998
45810,Ohio,52.200001
45812,Ohio,18.799999
45813,Ohio,24.9
45814,Ohio,28.4
45817,Ohio,40.299999
45821,Ohio,14
45822,Ohio,44.599998
45827,Ohio,14.8
45828,Ohio,71.599998
45830,Ohio,25.4
45831,Ohio,16.700001
45832,Ohio,16.1
45833,Ohio,59.700001
45835,Ohio,9.8999996
45836,Ohio,23.799999
45838,Ohio,141.39999
45840,Ohio,126.6
45841,Ohio,14
45843,Ohio,14.3
45844,Ohio,23.1
45845,Ohio,38.299999
45846,Ohio,23
45849,Ohio,10.6
45850,Ohio,23.5
45851,Ohio,7.5999999
45856,Ohio,19.1
45858,Ohio,18.9
45859,Ohio,143.7
45860,Ohio,25.1
45861,Ohio,60.900002
45862,Ohio,15.9
45863,Ohio,16.1
45864,Ohio,55.400002
45865,Ohio,57.799999
45867,Ohio,17.9
45868,Ohio,14.1
45869,Ohio,47.599998
45870,Ohio,184.60001
45871,Ohio,31.799999
45872,Ohio,53.900002
45873,Ohio,17.6
45874,Ohio,14.2
45875,Ohio,41.400002
45877,Ohio,29.700001
45879,Ohio,23
45880,Ohio,15.6
45881,Ohio,19.1
45882,Ohio,13.8
45883,Ohio,41.599998
45885,Ohio,69
45886,Ohio,10
45887,Ohio,25.700001
45889,Ohio,25.700001
45890,Ohio,17.5
45891,Ohio,44.599998
45894,Ohio,7.0999999
45895,Ohio,36.599998
45896,Ohio,21.200001
45897,Ohio,28.4
45898,Ohio,15
46001,Indiana,54.700001
46011,Indiana,86.599998
46017,Indiana,134.5
46030,Indiana,34.200001
46031,Indiana,17.700001
46034,Indiana,90.199997
46035,Indiana,17.9
46036,Indiana,57.299999
46039,Indiana,10.6
46040,Indiana,115.4
46041,Indiana,36.700001
46044,Indiana,52.299999
46049,Indiana,12.2
46050,Indiana,14.4
46051,Indiana,69
46052,Indiana,47.900002
46055,Indiana,151.8
46056,Indiana,37.400002
46057,Indiana,18.299999
46058,Indiana,31
46060,Indiana,167.8
46064,Indiana,101.8
46065,Indiana,37.200001
46068,Indiana,24.299999
46069,Indiana,28.299999
46070,Indiana,20
46071,Indiana,19
46072,Indiana,31.9
46075,Indiana,36.400002
46076,Indiana,14.8
46104,Indiana,13.4
46105,Indiana,17.700001
46106,Indiana,84.099998
46110,Indiana,13.3
46115,Indiana,20.200001
46117,Indiana,22
46118,Indiana,35.5
46120,Indiana,25
46121,Indiana,37.400002
46122,Indiana,64.300003
46124,Indiana,50.900002
46126,Indiana,55.200001
46127,Indiana,6.8000002
46128,Indiana,21.5
46130,Indiana,32.5
46131,Indiana,95.800003
46133,Indiana,12.8
46135,Indiana,48.700001
46140,Indiana,87.800003
46144,Indiana,157.10001
46146,Indiana,58.099998
46147,Indiana,21.4
46148,Indiana,38.5
46149,Indiana,27.799999
46150,Indiana,12
46151,Indiana,58.299999
46156,Indiana,13.9
46157,Indiana,44.099998
46158,Indiana,118.2
46160,Indiana,26.799999
46161,Indiana,28.200001
46162,Indiana,15.7
46163,Indiana,156.60001
46164,Indiana,65.099998
46165,Indiana,14.4
46166,Indiana,25.5
46167,Indiana,81.5
46171,Indiana,18
46172,Indiana,13.9
46173,Indiana,19.1
46175,Indiana,10.3
46176,Indiana,62.400002
46180,Indiana,15.5
46181,Indiana,41.599998
46182,Indiana,21.1
46186,Indiana,23.9
46290,Indiana,121
46301,Indiana,76.699997
46304,Indiana,174.3
46310,Indiana,78.300003
46340,Indiana,12.5
46341,Indiana,44.599998
46347,Indiana,25.700001
46348,Indiana,7.9000001
46349,Indiana,15.3
46350,Indiana,86.800003
46356,Indiana,57.299999
46365,Indiana,17.700001
46366,Indiana,28.1
46371,Indiana,36.700001
46374,Indiana,10.8
46376,Indiana,17.1
46379,Indiana,168.39999
46381,Indiana,99.199997
46382,Indiana,16.700001
46383,Indiana,175.7
46385,Indiana,184.60001
46390,Indiana,22
46391,Indiana,93.300003
46392,Indiana,28.1
46393,Indiana,103
46501,Indiana,21.299999
46504,Indiana,20.1
46506,Indiana,39.099998
46507,Indiana,87.900002
46508,Indiana,89.699997
46510,Indiana,20.9
46511,Indiana,25.6
46524,Indiana,26.299999
46526,Indiana,176.60001
46528,Indiana,142.2
46531,Indiana,26.299999
46532,Indiana,13.9
46534,Indiana,35.700001
46536,Indiana,45.799999
46538,Indiana,48.599998
46539,Indiana,27.799999
46540,Indiana,73.900002
46542,Indiana,31.299999
46543,Indiana,46.799999
46550,Indiana,63.700001
46552,Indiana,42.299999
46553,Indiana,42.200001
46554,Indiana,27.1
46555,Indiana,118.1
46562,Indiana,30.5
46563,Indiana,59.900002
46565,Indiana,48.200001
46567,Indiana,65.300003
46570,Indiana,20
46571,Indiana,49.5
46573,Indiana,40.299999
46574,Indiana,34.200001
46580,Indiana,113
46582,Indiana,84.199997
46701,Indiana,31.9
46702,Indiana,19.6
46703,Indiana,59.299999
46705,Indiana,30.700001
46706,Indiana,83.400002
46710,Indiana,41.200001
46711,Indiana,49.799999
46714,Indiana,43.900002
46721,Indiana,24.299999
46723,Indiana,47.599998
46725,Indiana,43.400002
46730,Indiana,19
46731,Indiana,13.6
46732,Indiana,53.900002
46733,Indiana,42
46737,Indiana,41.900002
46738,Indiana,117.1
46740,Indiana,25.5
46741,Indiana,69
46742,Indiana,26.5
46743,Indiana,34
46745,Indiana,36.200001
46746,Indiana,21.200001
46747,Indiana,28.4
46748,Indiana,108
46750,Indiana,52.799999
46755,Indiana,77.099998
46759,Indiana,8.5
46760,Indiana,21.200001
46761,Indiana,37.700001
46763,Indiana,28.1
46764,Indiana,16.9
46765,Indiana,159.10001
46766,Indiana,13.1
46767,Indiana,47.400002
46770,Indiana,19.9
46771,Indiana,34.299999
46772,Indiana,37.099998
46773,Indiana,17.9
46774,Indiana,121
46776,Indiana,24.5
46777,Indiana,43.700001
46779,Indiana,23.6
46781,Indiana,11.9
46783,Indiana,41
46784,Indiana,64.900002
46785,Indiana,24.4
46787,Indiana,23.4
46788,Indiana,35.400002
46791,Indiana,23.299999
46792,Indiana,13.4
46793,Indiana,29.799999
46794,Indiana,23.799999
46795,Indiana,39
46797,Indiana,29.700001
46798,Indiana,31.1
46809,Indiana,150.89999
46818,Indiana,109.7
46819,Indiana,132.10001
46901,Indiana,104.8
46910,Indiana,21
46911,Indiana,14
46913,Indiana,15.6
46914,Indiana,65.800003
46915,Indiana,110.4
46917,Indiana,13.3
46919,Indiana,21.9
46920,Indiana,12.8
46922,Indiana,175.89999
46923,Indiana,23.1
46926,Indiana,18.799999
46928,Indiana,26.4
46929,Indiana,24.200001
46932,Indiana,24.1
46936,Indiana,35
46938,Indiana,39.900002
46939,Indiana,8.6000004
46940,Indiana,17.299999
46941,Indiana,16.5
46946,Indiana,160.7
46947,Indiana,60.099998
46950,Indiana,8.8000002
46951,Indiana,13.2
46952,Indiana,73.900002
46953,Indiana,110.1
46959,Indiana,80.900002
46960,Indiana,11.3
46961,Indiana,78.900002
46962,Indiana,34.299999
46968,Indiana,77.199997
46970,Indiana,49.599998
46974,Indiana,15.7
46975,Indiana,26.200001
46978,Indiana,12.5
46979,Indiana,43.299999
46982,Indiana,23.9
46985,Indiana,7.9000001
46986,Indiana,21.299999
46988,Indiana,12
46989,Indiana,59.700001
46990,Indiana,10.3
46991,Indiana,22.700001
46992,Indiana,39.900002
46994,Indiana,18
46996,Indiana,14.7
47001,Indiana,55.200001
47003,Indiana,31.9
47006,Indiana,43.700001
47010,Indiana,11
47011,Indiana,13.8
47012,Indiana,23.799999
47016,Indiana,15.6
47017,Indiana,12.7
47018,Indiana,23.200001
47020,Indiana,23.4
47022,Indiana,38.099998
47023,Indiana,13.4
47024,Indiana,19.1
47025,Indiana,159.8
47030,Indiana,18.799999
47031,Indiana,33.599998
47032,Indiana,36.299999
47036,Indiana,24.5
47037,Indiana,20.9
47038,Indiana,18.700001
47040,Indiana,31.5
47041,Indiana,28.6
47042,Indiana,22.6
47043,Indiana,19.700001
47060,Indiana,43.5
47102,Indiana,70
47104,Indiana,83.199997
47106,Indiana,26.200001
47108,Indiana,10.7
47110,Indiana,23.299999
47111,Indiana,70.199997
47112,Indiana,39.900002
47114,Indiana,157.3
47115,Indiana,17.799999
47116,Indiana,10.4
47117,Indiana,20.5
47118,Indiana,9.5
47119,Indiana,97.800003
47120,Indiana,19.5
47122,Indiana,108.4
47123,Indiana,9.8999996
47124,Indiana,67.199997
47125,Indiana,15.4
47126,Indiana,46.900002
47135,Indiana,10.4
47136,Indiana,58.200001
47137,Indiana,9
47138,Indiana,22.9
47140,Indiana,24.9
47141,Indiana,18.9
47142,Indiana,12.3
47143,Indiana,51.599998
47145,Indiana,18
47147,Indiana,13.1
47161,Indiana,65.300003
47162,Indiana,14.1
47163,Indiana,32.400002
47164,Indiana,41.599998
47165,Indiana,30.200001
47166,Indiana,39.099998
47167,Indiana,27.200001
47170,Indiana,35.900002
47175,Indiana,15.6
47177,Indiana,28.299999
47201,Indiana,78.699997
47203,Indiana,128.60001
47220,Indiana,26.200001
47223,Indiana,10
47224,Indiana,10.9
47227,Indiana,12.6
47229,Indiana,24.9
47230,Indiana,15.6
47231,Indiana,15.9
47232,Indiana,34.5
47234,Indiana,16.1
47235,Indiana,17.1
47240,Indiana,26.9
47243,Indiana,65.699997
47244,Indiana,17.200001
47246,Indiana,28.5
47250,Indiana,40.900002
47260,Indiana,13.2
47264,Indiana,5.5999999
47265,Indiana,42.200001
47270,Indiana,16.799999
47272,Indiana,24.200001
47273,Indiana,23.1
47274,Indiana,52.5
47281,Indiana,9.1000004
47283,Indiana,21.799999
47302,Indiana,160.5
47303,Indiana,168.60001
47320,Indiana,47.700001
47325,Indiana,12.7
47326,Indiana,13.3
47327,Indiana,32.5
47330,Indiana,37.400002
47331,Indiana,47.5
47334,Indiana,47.400002
47336,Indiana,31.299999
47338,Indiana,39
47339,Indiana,19.5
47340,Indiana,21
47341,Indiana,24.1
47342,Indiana,20.799999
47345,Indiana,18.799999
47346,Indiana,35
47348,Indiana,32.599998
47352,Indiana,12.4
47353,Indiana,18.200001
47354,Indiana,14.7
47355,Indiana,17.5
47356,Indiana,41.400002
47357,Indiana,13.5
47358,Indiana,10.2
47359,Indiana,20.1
47360,Indiana,17.4
47362,Indiana,79.699997
47367,Indiana,102.5
47368,Indiana,31.4
47369,Indiana,15.1
47371,Indiana,21.6
47373,Indiana,28.5
47374,Indiana,154.10001
47380,Indiana,12.7
47383,Indiana,34.900002
47384,Indiana,23.6
47385,Indiana,41.799999
47386,Indiana,26.700001
47387,Indiana,17.1
47390,Indiana,26.1
47393,Indiana,17.700001
47394,Indiana,27.1
47396,Indiana,85.099998
47403,Indiana,138.2
47404,Indiana,158.3
47408,Indiana,144
47421,Indiana,58.799999
47424,Indiana,20
47427,Indiana,7.9000001
47429,Indiana,125.1
47431,Indiana,14.3
47432,Indiana,21.200001
47433,Indiana,19.200001
47436,Indiana,14
47437,Indiana,55.400002
47438,Indiana,31.200001
47441,Indiana,53.400002
47443,Indiana,10.7
47446,Indiana,32
47448,Indiana,14.7
47449,Indiana,8.1999998
47452,Indiana,20.299999
47453,Indiana,15.4
47454,Indiana,23.5
47455,Indiana,85.300003
47456,Indiana,17.6
47457,Indiana,89.800003
47459,Indiana,25.1
47460,Indiana,29.5
47462,Indiana,24.799999
47465,Indiana,12.1
47468,Indiana,18.299999
47469,Indiana,10.8
47470,Indiana,14.5
47471,Indiana,15.3
47501,Indiana,46.299999
47512,Indiana,30.799999
47513,Indiana,12
47514,Indiana,136.89999
47515,Indiana,6.6999998
47516,Indiana,16.200001
47519,Indiana,10.2
47520,Indiana,15.5
47521,Indiana,19
47522,Indiana,11.2
47523,Indiana,20.200001
47524,Indiana,4.5999999
47525,Indiana,5.0999999
47527,Indiana,13.7
47528,Indiana,9.8000002
47529,Indiana,12.7
47531,Indiana,10.5
47532,Indiana,25.6
47535,Indiana,62.5
47537,Indiana,20
47541,Indiana,23.6
47542,Indiana,45.700001
47546,Indiana,65.5
47550,Indiana,9.3999996
47551,Indiana,7.8000002
47552,Indiana,13.6
47553,Indiana,23.5
47557,Indiana,10.1
47558,Indiana,19.700001
47561,Indiana,8.6000004
47562,Indiana,27.200001
47564,Indiana,14.2
47567,Indiana,20.299999
47568,Indiana,11.6
47574,Indiana,3.9000001
47575,Indiana,17.799999
47576,Indiana,6.9000001
47577,Indiana,17.5
47578,Indiana,6
47579,Indiana,88.5
47580,Indiana,22.200001
47581,Indiana,10.5
47585,Indiana,6.5
47586,Indiana,44.799999
47588,Indiana,16.5
47590,Indiana,7
47591,Indiana,63.900002
47596,Indiana,37.799999
47597,Indiana,8.8999996
47598,Indiana,18.6
47601,Indiana,43
47610,Indiana,56.200001
47611,Indiana,12.5
47612,Indiana,20.9
47613,Indiana,19.6
47615,Indiana,17.299999
47616,Indiana,3.3
47619,Indiana,13.6
47620,Indiana,24.9
47631,Indiana,13.1
47633,Indiana,15.8
47634,Indiana,18.200001
47635,Indiana,25.799999
47637,Indiana,10
47638,Indiana,28.1
47639,Indiana,36.5
47640,Indiana,10.9
47648,Indiana,31.5
47649,Indiana,12.6
47660,Indiana,21.299999
47665,Indiana,19.9
47666,Indiana,11.4
47670,Indiana,59.900002
47712,Indiana,158.39999
47720,Indiana,121
47725,Indiana,107.3
47802,Indiana,82.400002
47805,Indiana,95.099998
47832,Indiana,9.5
47833,Indiana,10.5
47834,Indiana,49.400002
47836,Indiana,92.300003
47837,Indiana,16.299999
47838,Indiana,14.9
47840,Indiana,10.9
47841,Indiana,12.5
47842,Indiana,54.200001
47846,Indiana,7.8000002
47847,Indiana,8.6000004
47848,Indiana,38.700001
47849,Indiana,7.3000002
47850,Indiana,18.6
47854,Indiana,11.4
47858,Indiana,8.5
47859,Indiana,10
47861,Indiana,5.4000001
47862,Indiana,15.4
47863,Indiana,93.699997
47866,Indiana,7.5
47868,Indiana,19.5
47872,Indiana,20.1
47874,Indiana,19.200001
47879,Indiana,21.5
47882,Indiana,22.700001
47884,Indiana,68.699997
47885,Indiana,42.299999
47905,Indiana,125.8
47907,Indiana,0
47909,Indiana,131.5
47917,Indiana,4.8000002
47918,Indiana,16.799999
47920,Indiana,32.799999
47921,Indiana,10.2
47922,Indiana,8.3000002
47923,Indiana,14.7
47925,Indiana,167.39999
47926,Indiana,11.4
47928,Indiana,18.299999
47929,Indiana,7.0999999
47930,Indiana,16.5
47932,Indiana,19
47933,Indiana,46
47940,Indiana,13.5
47942,Indiana,4.5
47943,Indiana,5.6999998
47944,Indiana,7.5
47946,Indiana,8.5
47948,Indiana,9.5
47949,Indiana,12.3
47950,Indiana,9.3000002
47951,Indiana,13.5
47952,Indiana,9.3999996
47954,Indiana,12.8
47955,Indiana,16.9
47957,Indiana,12.3
47959,Indiana,15.9
47960,Indiana,49.400002
47963,Indiana,7.3000002
47966,Indiana,162.89999
47967,Indiana,9.6000004
47968,Indiana,15.5
47970,Indiana,13.4
47971,Indiana,12.9
47974,Indiana,11.2
47975,Indiana,6.5
47977,Indiana,10.2
47978,Indiana,17.700001
47980,Indiana,7.5999999
47981,Indiana,9
47987,Indiana,12.7
47989,Indiana,11.8
47990,Indiana,14.6
47991,Indiana,13.8
47992,Indiana,15.5
47993,Indiana,10.7
47994,Indiana,12.5
47995,Indiana,8.1999998
50001,Iowa,10.9
50002,Iowa,4.5999999
50003,Iowa,22.299999
50005,Iowa,10.5
50006,Iowa,5.3000002
50007,Iowa,34.400002
50008,Iowa,4
50020,Iowa,5.6999998
50022,Iowa,19.700001
50025,Iowa,6.5999999
50026,Iowa,4.0999999
50027,Iowa,3.9000001
50028,Iowa,14.6
50029,Iowa,6.5999999
50033,Iowa,152.7
50034,Iowa,3
50035,Iowa,46.099998
50036,Iowa,32.400002
50038,Iowa,25.9
50039,Iowa,5.4000001
50041,Iowa,84.300003
50042,Iowa,3.7
50044,Iowa,7.5
50046,Iowa,12.8
50047,Iowa,36.900002
50048,Iowa,3.8
50049,Iowa,12.5
50050,Iowa,3.5999999
50051,Iowa,4.3000002
50052,Iowa,2.7
50054,Iowa,22.200001
50055,Iowa,7.1999998
50056,Iowa,9.1999998
50057,Iowa,4.5999999
50058,Iowa,5.3000002
50060,Iowa,5.5
50061,Iowa,21.200001
50062,Iowa,9.3000002
50063,Iowa,15.3
50064,Iowa,3.0999999
50065,Iowa,4
50066,Iowa,4.0999999
50067,Iowa,3.5
50068,Iowa,3.2
50069,Iowa,84.699997
50070,Iowa,8.6999998
50071,Iowa,3.4000001
50072,Iowa,11.7
50073,Iowa,17.799999
50074,Iowa,2.7
50075,Iowa,7.1999998
50076,Iowa,5.1999998
50101,Iowa,2.5999999
50102,Iowa,66.699997
50103,Iowa,2.9000001
50104,Iowa,4.4000001
50105,Iowa,56.299999
50106,Iowa,6.0999999
50107,Iowa,8.3999996
50108,Iowa,2.5
50109,Iowa,48.700001
50111,Iowa,132.2
50112,Iowa,24.299999
50115,Iowa,6.0999999
50116,Iowa,6.8000002
50117,Iowa,2.7
50118,Iowa,20.700001
50119,Iowa,12.6
50120,Iowa,7.4000001
50122,Iowa,6.3000002
50123,Iowa,4
50124,Iowa,69.300003
50125,Iowa,46.099998
50126,Iowa,19.5
50128,Iowa,4.8000002
50129,Iowa,12
50130,Iowa,9.6999998
50132,Iowa,4.9000001
50133,Iowa,2.9000001
50134,Iowa,13.7
50135,Iowa,8.3000002
50136,Iowa,4.4000001
50138,Iowa,26.5
50139,Iowa,5.5999999
50140,Iowa,12.4
50141,Iowa,6.0999999
50143,Iowa,6.5
50144,Iowa,8
50146,Iowa,5.8000002
50147,Iowa,2.3
50148,Iowa,8.5
50149,Iowa,4.5
50150,Iowa,6.6999998
50151,Iowa,3.5
50153,Iowa,9.1000004
50154,Iowa,8.8000002
50155,Iowa,3.2
50156,Iowa,19
50157,Iowa,4.5
50158,Iowa,57.700001
50161,Iowa,9.6999998
50162,Iowa,9.3000002
50164,Iowa,4.6999998
50165,Iowa,7.5999999
50166,Iowa,9.8000002
50167,Iowa,7.3000002
50168,Iowa,8
50169,Iowa,30
50170,Iowa,12
50171,Iowa,10.4
50173,Iowa,8.6999998
50174,Iowa,5.0999999
50201,Iowa,27.299999
50206,Iowa,4.1999998
50207,Iowa,6.9000001
50208,Iowa,48
50210,Iowa,8.6000004
50211,Iowa,76.800003
50212,Iowa,8.8999996
50213,Iowa,12.6
50214,Iowa,8.5
50216,Iowa,20.1
50217,Iowa,3.5
50219,Iowa,45.900002
50220,Iowa,33.799999
50222,Iowa,4.5999999
50223,Iowa,6.3000002
50225,Iowa,13.6
50226,Iowa,48.799999
50227,Iowa,41.400002
50228,Iowa,13.4
50229,Iowa,8.8000002
50230,Iowa,4.8000002
50231,Iowa,162.39999
50232,Iowa,6.1999998
50233,Iowa,10.6
50234,Iowa,7.5999999
50235,Iowa,4
50236,Iowa,17.4
50237,Iowa,21.6
50238,Iowa,3.9000001
50239,Iowa,4.8000002
50240,Iowa,12.4
50242,Iowa,4.0999999
50243,Iowa,171.2
50244,Iowa,31.700001
50246,Iowa,6.0999999
50247,Iowa,11.7
50248,Iowa,20.9
50249,Iowa,6.5999999
50250,Iowa,8.8000002
50251,Iowa,12.1
50252,Iowa,11
50254,Iowa,2.5
50255,Iowa,142.3
50256,Iowa,7.1999998
50257,Iowa,9.6000004
50258,Iowa,7.1999998
50261,Iowa,12.9
50262,Iowa,5.4000001
50263,Iowa,179
50264,Iowa,2.7
50268,Iowa,8
50271,Iowa,3.5999999
50272,Iowa,79.099998
50273,Iowa,15.9
50274,Iowa,3.0999999
50275,Iowa,4
50276,Iowa,12.1
50277,Iowa,4.5999999
50278,Iowa,6.0999999
50319,Iowa,0
50401,Iowa,77.199997
50420,Iowa,3.2
50421,Iowa,13
50423,Iowa,8
50424,Iowa,4.6999998
50428,Iowa,30.6
50430,Iowa,3.2
50431,Iowa,141
50433,Iowa,2
50434,Iowa,21.4
50435,Iowa,6.8000002
50436,Iowa,16.6
50438,Iowa,12.1
50439,Iowa,3.4000001
50440,Iowa,5.1999998
50441,Iowa,14.6
50444,Iowa,6.3000002
50446,Iowa,5
50447,Iowa,4.1999998
50448,Iowa,4.3000002
50449,Iowa,7.5999999
50450,Iowa,13.8
50451,Iowa,3.3
50452,Iowa,6.3000002
50453,Iowa,5.1999998
50454,Iowa,2.8
50455,Iowa,5.3000002
50456,Iowa,14.5
50457,Iowa,5
50458,Iowa,11
50459,Iowa,8.1000004
50460,Iowa,3.9000001
50461,Iowa,12.6
50464,Iowa,11
50465,Iowa,26.299999
50466,Iowa,5.1999998
50467,Iowa,132.39999
50468,Iowa,6.3000002
50469,Iowa,6.9000001
50470,Iowa,4.4000001
50471,Iowa,6.3000002
50472,Iowa,7.5999999
50473,Iowa,2.8
50475,Iowa,7.5999999
50476,Iowa,7.9000001
50477,Iowa,5.9000001
50478,Iowa,4
50479,Iowa,4.5999999
50480,Iowa,5.4000001
50482,Iowa,10.4
50483,Iowa,3.9000001
50484,Iowa,3.9000001
50501,Iowa,72
50510,Iowa,5.0999999
50511,Iowa,22.200001
50514,Iowa,5.0999999
50515,Iowa,2.9000001
50516,Iowa,11.3
50517,Iowa,5.3000002
50518,Iowa,4.6999998
50519,Iowa,4.4000001
50520,Iowa,2.3
50521,Iowa,32.900002
50522,Iowa,4.9000001
50523,Iowa,5.5
50524,Iowa,3.5
50525,Iowa,9.8999996
50527,Iowa,1.6
50528,Iowa,2
50530,Iowa,7.1999998
50531,Iowa,2.5
50532,Iowa,4.8000002
50533,Iowa,16
50535,Iowa,5.5999999
50536,Iowa,12.4
50538,Iowa,6.1999998
50539,Iowa,4.0999999
50540,Iowa,3.7
50541,Iowa,3.7
50542,Iowa,5.4000001
50543,Iowa,7
50544,Iowa,6.8000002
50545,Iowa,2.0999999
50546,Iowa,2.5
50548,Iowa,18.299999
50551,Iowa,2.3
50554,Iowa,7.0999999
50556,Iowa,2.9000001
50557,Iowa,5.8000002
50558,Iowa,5.4000001
50559,Iowa,3.4000001
50560,Iowa,2.5999999
50561,Iowa,4.4000001
50562,Iowa,3.2
50563,Iowa,9.8999996
50565,Iowa,4.0999999
50566,Iowa,4.8000002
50567,Iowa,3.4000001
50568,Iowa,6.4000001
50569,Iowa,15.4
50570,Iowa,2.2
50571,Iowa,3.4000001
50573,Iowa,65
50574,Iowa,7.5999999
50575,Iowa,5.9000001
50576,Iowa,4.5
50577,Iowa,3.8
50578,Iowa,3.4000001
50579,Iowa,6.8000002
50581,Iowa,4
50582,Iowa,4.4000001
50583,Iowa,9.3999996
50585,Iowa,7.0999999
50586,Iowa,3.4000001
50588,Iowa,35.799999
50590,Iowa,4.3000002
50591,Iowa,4.3000002
50593,Iowa,133.3
50594,Iowa,4.4000001
50595,Iowa,23
50597,Iowa,6.0999999
50598,Iowa,5.1999998
50599,Iowa,2.9000001
50601,Iowa,6.6999998
50602,Iowa,7.6999998
50603,Iowa,5.0999999
50604,Iowa,10
50605,Iowa,4.3000002
50606,Iowa,4.8000002
50607,Iowa,3.9000001
50609,Iowa,5
50611,Iowa,5
50612,Iowa,5.8000002
50613,Iowa,129
50616,Iowa,23.1
50619,Iowa,10.5
50620,Iowa,166.39999
50621,Iowa,9.3000002
50622,Iowa,49.5
50624,Iowa,12.9
50625,Iowa,6.4000001
50626,Iowa,13.8
50627,Iowa,12.5
50628,Iowa,4.8000002
50629,Iowa,11.8
50630,Iowa,8.1000004
50632,Iowa,10.1
50633,Iowa,3.5999999
50635,Iowa,7.4000001
50636,Iowa,6.3000002
50638,Iowa,13.5
50641,Iowa,16.4
50642,Iowa,7
50643,Iowa,16.9
50644,Iowa,23.4
50645,Iowa,5.5999999
50647,Iowa,24.4
50648,Iowa,18.200001
50650,Iowa,6.9000001
50651,Iowa,12.3
50653,Iowa,4.8000002
50654,Iowa,3.7
50655,Iowa,9.6000004
50658,Iowa,13.7
50659,Iowa,13.6
50660,Iowa,13.3
50662,Iowa,41.200001
50665,Iowa,11.2
50666,Iowa,7.4000001
50667,Iowa,152.3
50668,Iowa,14.3
50669,Iowa,10.2
50670,Iowa,13.7
50671,Iowa,4.6999998
50672,Iowa,6.3000002
50674,Iowa,8.8000002
50675,Iowa,8.6000004
50676,Iowa,14.2
50677,Iowa,37.700001
50680,Iowa,7.9000001
50681,Iowa,7.1999998
50682,Iowa,7.0999999
50701,Iowa,143.5
50703,Iowa,81.800003
50801,Iowa,17.700001
50830,Iowa,5.6999998
50833,Iowa,4.3000002
50835,Iowa,2.0999999
50836,Iowa,2
50837,Iowa,2.9000001
50839,Iowa,18.6
50840,Iowa,4.3000002
50841,Iowa,4.6999998
50842,Iowa,155.60001
50843,Iowa,3
50845,Iowa,2.9000001
50846,Iowa,4.6999998
50847,Iowa,104
50848,Iowa,3.2
50849,Iowa,9
50851,Iowa,6.3000002
50853,Iowa,3.5999999
50854,Iowa,6.5999999
50857,Iowa,2.0999999
50858,Iowa,3.8
50859,Iowa,2.8
50860,Iowa,4.0999999
50861,Iowa,2.4000001
50862,Iowa,2.5999999
50863,Iowa,3.8
50864,Iowa,5.5
51001,Iowa,6.6999998
51002,Iowa,9.1999998
51003,Iowa,11.8
51004,Iowa,4.9000001
51005,Iowa,6.0999999
51006,Iowa,5.0999999
51007,Iowa,8.3999996
51010,Iowa,2.5999999
51011,Iowa,61.900002
51012,Iowa,17.200001
51014,Iowa,3.8
51016,Iowa,5.3000002
51018,Iowa,4.3000002
51019,Iowa,3.3
51020,Iowa,4.6999998
51022,Iowa,3.9000001
51023,Iowa,11.9
51024,Iowa,8.8999996
51025,Iowa,7.0999999
51026,Iowa,3.0999999
51027,Iowa,5.3000002
51028,Iowa,6.3000002
51029,Iowa,4.3000002
51030,Iowa,11.3
51031,Iowa,20.4
51033,Iowa,2.5999999
51034,Iowa,6.3000002
51035,Iowa,6
51036,Iowa,6.4000001
51037,Iowa,5.1999998
51038,Iowa,6.5999999
51039,Iowa,11.1
51040,Iowa,9.3999996
51041,Iowa,37.799999
51044,Iowa,2.8
51046,Iowa,6.9000001
51047,Iowa,3.2
51048,Iowa,6.4000001
51049,Iowa,4.5
51050,Iowa,7.4000001
51051,Iowa,10.3
51052,Iowa,6.5999999
51053,Iowa,6
51054,Iowa,49.200001
51055,Iowa,7.5999999
51056,Iowa,5.4000001
51058,Iowa,4.6999998
51060,Iowa,3.9000001
51061,Iowa,4.1999998
51062,Iowa,3.5999999
51063,Iowa,6.9000001
51108,Iowa,48
51109,Iowa,65.900002
51111,Iowa,5.4000001
51201,Iowa,20.9
51230,Iowa,7.0999999
51231,Iowa,3.9000001
51232,Iowa,5.5999999
51234,Iowa,9.8000002
51235,Iowa,7.4000001
51237,Iowa,6.8000002
51238,Iowa,10
51239,Iowa,18.200001
51240,Iowa,6.5999999
51241,Iowa,7.5
51242,Iowa,179.89999
51243,Iowa,5.8000002
51244,Iowa,100.5
51245,Iowa,6.6999998
51246,Iowa,9.1000004
51247,Iowa,16.799999
51248,Iowa,8.6999998
51249,Iowa,11.1
51250,Iowa,44.299999
51301,Iowa,31.4
51333,Iowa,3.0999999
51334,Iowa,15.8
51338,Iowa,5.3000002
51341,Iowa,54.799999
51342,Iowa,5.8000002
51343,Iowa,3.7
51345,Iowa,2.8
51346,Iowa,6.5
51347,Iowa,6.5
51350,Iowa,3.7
51351,Iowa,16
51354,Iowa,4.8000002
51355,Iowa,141
51357,Iowa,6.6999998
51358,Iowa,6.9000001
51360,Iowa,27.799999
51363,Iowa,121.1
51364,Iowa,4.0999999
51365,Iowa,8.6000004
51366,Iowa,2.3
51401,Iowa,27.299999
51430,Iowa,7.1999998
51431,Iowa,3.9000001
51433,Iowa,4.5999999
51436,Iowa,5.8000002
51439,Iowa,4.6999998
51440,Iowa,6.0999999
51441,Iowa,8.8000002
51442,Iowa,21.9
51443,Iowa,6.5
51445,Iowa,8.8000002
51446,Iowa,5.6999998
51447,Iowa,2.5
51448,Iowa,4.1999998
51449,Iowa,9.1999998
51450,Iowa,10.3
51451,Iowa,121.9
51453,Iowa,3.0999999
51454,Iowa,5.1999998
51455,Iowa,8
51458,Iowa,6
51459,Iowa,55.299999
51461,Iowa,9
51462,Iowa,3.5999999
51463,Iowa,7.0999999
51465,Iowa,5.1999998
51466,Iowa,8.1999998
51467,Iowa,3.5999999
51503,Iowa,118.3
51520,Iowa,4.8000002
51521,Iowa,9.1999998
51523,Iowa,2.7
51525,Iowa,7.5999999
51526,Iowa,16.200001
51527,Iowa,5.3000002
51528,Iowa,4.9000001
51529,Iowa,5
51530,Iowa,6.0999999
51531,Iowa,12.4
51532,Iowa,4.1999998
51533,Iowa,4.1999998
51534,Iowa,35.5
51535,Iowa,5.6999998
51536,Iowa,3.5999999
51537,Iowa,15.9
51540,Iowa,3.2
51541,Iowa,3.4000001
51542,Iowa,11
51543,Iowa,7.8000002
51544,Iowa,5
51545,Iowa,3.3
51546,Iowa,9.8999996
51548,Iowa,6.6999998
51549,Iowa,5.5
51550,Iowa,124.3
51551,Iowa,8.6999998
51552,Iowa,3.3
51553,Iowa,8.6000004
51554,Iowa,27.299999
51555,Iowa,13
51556,Iowa,3.8
51557,Iowa,4.8000002
51558,Iowa,2.5999999
51559,Iowa,8.1000004
51560,Iowa,8.3000002
51561,Iowa,9.3999996
51562,Iowa,5.0999999
51563,Iowa,5.5
51564,Iowa,4.8000002
51565,Iowa,4
51566,Iowa,15.4
51570,Iowa,6.1999998
51571,Iowa,5.4000001
51572,Iowa,3.5
51573,Iowa,7
51575,Iowa,12.8
51576,Iowa,16.200001
51577,Iowa,5.6999998
51579,Iowa,7.8000002
51601,Iowa,21.799999
51630,Iowa,2.5999999
51631,Iowa,3.2
51632,Iowa,13.5
51636,Iowa,2.8
51637,Iowa,51.099998
51638,Iowa,5.9000001
51639,Iowa,4.3000002
51640,Iowa,5.5999999
51645,Iowa,2.4000001
51646,Iowa,4.6999998
51647,Iowa,2.8
51648,Iowa,2
51649,Iowa,3.0999999
51650,Iowa,4.9000001
51652,Iowa,9
51653,Iowa,15.4
51654,Iowa,3.9000001
51656,Iowa,162.10001
52003,Iowa,92
52031,Iowa,11.8
52032,Iowa,5.3000002
52033,Iowa,12.7
52035,Iowa,7.3000002
52037,Iowa,6.9000001
52038,Iowa,6.4000001
52039,Iowa,12.7
52040,Iowa,35.099998
52041,Iowa,10.4
52042,Iowa,12.4
52043,Iowa,9
52044,Iowa,4.9000001
52045,Iowa,20.9
52046,Iowa,17.799999
52047,Iowa,6.4000001
52048,Iowa,3.9000001
52049,Iowa,7.0999999
52050,Iowa,6.0999999
52052,Iowa,13.6
52053,Iowa,7.5999999
52054,Iowa,6.8000002
52057,Iowa,22.700001
52060,Iowa,21.200001
52064,Iowa,8
52065,Iowa,8.6000004
52066,Iowa,117.3
52068,Iowa,32.599998
52069,Iowa,12.1
52070,Iowa,8.8000002
52072,Iowa,4.4000001
52073,Iowa,11.1
52074,Iowa,3.9000001
52076,Iowa,9.1000004
52077,Iowa,4.8000002
52078,Iowa,8.6000004
52079,Iowa,5.0999999
52101,Iowa,17.200001
52132,Iowa,12.3
52133,Iowa,4.6999998
52134,Iowa,3.7
52135,Iowa,12.8
52136,Iowa,10.8
52140,Iowa,2.5999999
52141,Iowa,6.5999999
52142,Iowa,9.8999996
52144,Iowa,6.5
52146,Iowa,5.0999999
52147,Iowa,5.5999999
52151,Iowa,6.9000001
52154,Iowa,5.1999998
52155,Iowa,4.8000002
52156,Iowa,6
52157,Iowa,12.5
52158,Iowa,103.4
52159,Iowa,11.8
52160,Iowa,8.3999996
52161,Iowa,10.7
52162,Iowa,12.7
52163,Iowa,60
52164,Iowa,3.2
52165,Iowa,5.8000002
52169,Iowa,5.5999999
52170,Iowa,5
52171,Iowa,5.0999999
52172,Iowa,15.4
52175,Iowa,15.5
52201,Iowa,7.4000001
52202,Iowa,17.6
52203,Iowa,16.299999
52205,Iowa,28.1
52206,Iowa,31.4
52207,Iowa,3.7
52208,Iowa,21
52209,Iowa,11.3
52210,Iowa,7.6999998
52211,Iowa,11.1
52212,Iowa,4.6999998
52213,Iowa,22.5
52214,Iowa,12.6
52215,Iowa,3.8
52216,Iowa,9.6999998
52217,Iowa,3.9000001
52218,Iowa,9.6000004
52219,Iowa,149.10001
52221,Iowa,4.0999999
52222,Iowa,3.4000001
52223,Iowa,10.7
52224,Iowa,7.9000001
52225,Iowa,4.9000001
52227,Iowa,32.900002
52228,Iowa,28.6
52229,Iowa,5.6999998
52231,Iowa,3.9000001
52232,Iowa,3.7
52235,Iowa,142.10001
52236,Iowa,8
52237,Iowa,7.1999998
52240,Iowa,78.099998
52247,Iowa,27.4
52248,Iowa,6.1999998
52249,Iowa,7.4000001
52251,Iowa,5.5999999
52253,Iowa,26.700001
52254,Iowa,6.0999999
52255,Iowa,10.7
52257,Iowa,5.1999998
52301,Iowa,12.3
52305,Iowa,8.6000004
52306,Iowa,9.1000004
52309,Iowa,5.4000001
52310,Iowa,16.700001
52313,Iowa,4.8000002
52314,Iowa,38
52315,Iowa,16.299999
52316,Iowa,9.1999998
52317,Iowa,164.5
52318,Iowa,10.9
52320,Iowa,7.9000001
52321,Iowa,5.1999998
52322,Iowa,10.6
52323,Iowa,6.5999999
52324,Iowa,18.200001
52325,Iowa,8
52326,Iowa,104
52327,Iowa,13.9
52329,Iowa,6.0999999
52330,Iowa,7.3000002
52332,Iowa,18.299999
52333,Iowa,27.6
52334,Iowa,7.1999998
52335,Iowa,4.9000001
52336,Iowa,18.6
52337,Iowa,11.9
52338,Iowa,37.599998
52339,Iowa,17
52340,Iowa,50.799999
52341,Iowa,32.200001
52342,Iowa,14.1
52345,Iowa,173.7
52346,Iowa,8
52347,Iowa,8.5
52348,Iowa,21.5
52349,Iowa,20.1
52352,Iowa,10
52353,Iowa,23.200001
52354,Iowa,4.9000001
52355,Iowa,2.9000001
52356,Iowa,11.4
52358,Iowa,18.6
52359,Iowa,7.3000002
52361,Iowa,13.7
52362,Iowa,6.5999999
52411,Iowa,162
52501,Iowa,51.700001
52530,Iowa,27.4
52531,Iowa,10.6
52533,Iowa,5.3000002
52535,Iowa,5.9000001
52536,Iowa,6
52537,Iowa,7.9000001
52540,Iowa,5.5999999
52542,Iowa,3.7
52543,Iowa,5.5
52544,Iowa,22.1
52548,Iowa,164.89999
52549,Iowa,6.6999998
52550,Iowa,5.8000002
52551,Iowa,4.5999999
52552,Iowa,5.5
52553,Iowa,8.1000004
52554,Iowa,14.8
52555,Iowa,5.3000002
52556,Iowa,29
52560,Iowa,4.6999998
52561,Iowa,10.7
52563,Iowa,5.3000002
52565,Iowa,6.6999998
52566,Iowa,62.400002
52567,Iowa,8.3999996
52569,Iowa,2.5
52570,Iowa,5.4000001
52571,Iowa,5.6999998
52572,Iowa,4.5
52573,Iowa,2.2
52574,Iowa,8.1999998
52576,Iowa,4.9000001
52577,Iowa,36.5
52580,Iowa,4.6999998
52581,Iowa,3.0999999
52583,Iowa,2.8
52584,Iowa,7.5
52585,Iowa,6.8000002
52586,Iowa,4.3000002
52588,Iowa,5
52590,Iowa,6.4000001
52591,Iowa,9.1999998
52593,Iowa,3.3
52594,Iowa,3.3
52601,Iowa,103.5
52619,Iowa,6.3000002
52620,Iowa,6.8000002
52621,Iowa,6.0999999
52623,Iowa,13.3
52624,Iowa,175.10001
52625,Iowa,9.8000002
52626,Iowa,5.5
52627,Iowa,74.199997
52630,Iowa,4.0999999
52632,Iowa,99.199997
52635,Iowa,6.0999999
52637,Iowa,14.2
52638,Iowa,5.8000002
52639,Iowa,20.200001
52640,Iowa,7.6999998
52641,Iowa,22.5
52644,Iowa,3.7
52645,Iowa,17.200001
52646,Iowa,2.7
52649,Iowa,7.4000001
52650,Iowa,7.9000001
52651,Iowa,4.0999999
52653,Iowa,12.2
52654,Iowa,12.7
52655,Iowa,99.5
52656,Iowa,9.6000004
52658,Iowa,9.1000004
52659,Iowa,9.6999998
52660,Iowa,3.9000001
52701,Iowa,65.699997
52720,Iowa,8.1000004
52721,Iowa,7.3000002
52726,Iowa,47.799999
52727,Iowa,6.5
52729,Iowa,8
52730,Iowa,52.200001
52731,Iowa,6.5
52732,Iowa,98.599998
52738,Iowa,11.2
52739,Iowa,8.8000002
52742,Iowa,25.1
52745,Iowa,8.6000004
52746,Iowa,14.1
52747,Iowa,37.599998
52748,Iowa,82.800003
52749,Iowa,177.3
52750,Iowa,7.9000001
52751,Iowa,8.1999998
52753,Iowa,79.900002
52754,Iowa,6.9000001
52755,Iowa,12.3
52756,Iowa,19.299999
52757,Iowa,65.5
52758,Iowa,123.9
52760,Iowa,9.3999996
52761,Iowa,66.900002
52765,Iowa,5.8000002
52766,Iowa,7
52768,Iowa,17.1
52769,Iowa,6.3000002
52772,Iowa,14.8
52773,Iowa,16.299999
52776,Iowa,22.6
52777,Iowa,9.6999998
52778,Iowa,18.700001
52807,Iowa,176.3
53001,Wisconsin,24.9
53002,Wisconsin,27.9
53003,Wisconsin,116.2
53004,Wisconsin,36.400002
53006,Wisconsin,16.700001
53010,Wisconsin,28.799999
53011,Wisconsin,22
53013,Wisconsin,44.200001
53014,Wisconsin,24
53015,Wisconsin,25.4
53017,Wisconsin,122.2
53019,Wisconsin,19.700001
53020,Wisconsin,22
53021,Wisconsin,54.900002
53023,Wisconsin,14.3
53027,Wisconsin,92.199997
53032,Wisconsin,57
53033,Wisconsin,128.5
53034,Wisconsin,83.800003
53035,Wisconsin,26.200001
53036,Wisconsin,39.200001
53037,Wisconsin,155.7
53038,Wisconsin,51.299999
53039,Wisconsin,26.5
53040,Wisconsin,47.799999
53042,Wisconsin,41.900002
53046,Wisconsin,173.7
53047,Wisconsin,184.5
53048,Wisconsin,49
53049,Wisconsin,23.799999
53050,Wisconsin,39.299999
53057,Wisconsin,22.6
53059,Wisconsin,21.6
53061,Wisconsin,43.900002
53063,Wisconsin,15.3
53065,Wisconsin,19.200001
53066,Wisconsin,123.4
53070,Wisconsin,63.599998
53073,Wisconsin,74.699997
53074,Wisconsin,165.10001
53075,Wisconsin,35.599998
53076,Wisconsin,63.5
53078,Wisconsin,21.9
53079,Wisconsin,16
53080,Wisconsin,76.900002
53085,Wisconsin,61.099998
53086,Wisconsin,148.5
53088,Wisconsin,111.3
53090,Wisconsin,150.60001
53091,Wisconsin,30.200001
53093,Wisconsin,38.099998
53094,Wisconsin,82.5
53095,Wisconsin,145.8
53097,Wisconsin,90.599998
53098,Wisconsin,44.700001
53103,Wisconsin,111.8
53104,Wisconsin,65.800003
53105,Wisconsin,71.699997
53108,Wisconsin,64.900002
53114,Wisconsin,29.799999
53115,Wisconsin,85.5
53118,Wisconsin,74.199997
53119,Wisconsin,56.099998
53120,Wisconsin,64.599998
53121,Wisconsin,63.799999
53125,Wisconsin,134
53126,Wisconsin,47.599998
53128,Wisconsin,135.89999
53137,Wisconsin,20.299999
53139,Wisconsin,36.099998
53146,Wisconsin,157
53147,Wisconsin,89.300003
53149,Wisconsin,125.2
53156,Wisconsin,35.799999
53168,Wisconsin,94.800003
53177,Wisconsin,117.9
53178,Wisconsin,32.5
53182,Wisconsin,64
53184,Wisconsin,56.299999
53185,Wisconsin,155.89999
53190,Wisconsin,55.200001
53192,Wisconsin,80.900002
53195,Wisconsin,135.5
53501,Wisconsin,136.2
53502,Wisconsin,18.299999
53503,Wisconsin,13.3
53504,Wisconsin,8.8000002
53505,Wisconsin,7.4000001
53506,Wisconsin,6.9000001
53507,Wisconsin,13.5
53508,Wisconsin,29.299999
53510,Wisconsin,13.6
53511,Wisconsin,170.89999
53515,Wisconsin,23.6
53516,Wisconsin,10
53517,Wisconsin,15.3
53518,Wisconsin,6.8000002
53520,Wisconsin,21.4
53521,Wisconsin,23
53522,Wisconsin,10.8
53523,Wisconsin,39.400002
53525,Wisconsin,28
53526,Wisconsin,26.799999
53527,Wisconsin,107
53528,Wisconsin,47.400002
53529,Wisconsin,21.4
53530,Wisconsin,13.2
53531,Wisconsin,39.599998
53532,Wisconsin,97.099998
53533,Wisconsin,19.5
53534,Wisconsin,54.700001
53536,Wisconsin,34.700001
53538,Wisconsin,71.900002
53540,Wisconsin,47.700001
53541,Wisconsin,5.4000001
53543,Wisconsin,8
53544,Wisconsin,7.6999998
53546,Wisconsin,143.2
53548,Wisconsin,100.3
53549,Wisconsin,57.5
53550,Wisconsin,10
53551,Wisconsin,75.599998
53553,Wisconsin,27.700001
53554,Wisconsin,9.3999996
53555,Wisconsin,41
53556,Wisconsin,21.5
53557,Wisconsin,33
53559,Wisconsin,36.799999
53560,Wisconsin,22.700001
53561,Wisconsin,17.299999
53563,Wisconsin,64.099998
53565,Wisconsin,10.1
53566,Wisconsin,38.099998
53569,Wisconsin,10.1
53570,Wisconsin,14.1
53572,Wisconsin,37
53573,Wisconsin,10.9
53574,Wisconsin,36.200001
53575,Wisconsin,109.5
53576,Wisconsin,28.6
53577,Wisconsin,11.5
53578,Wisconsin,46.5
53579,Wisconsin,15.9
53580,Wisconsin,10.5
53581,Wisconsin,17.4
53582,Wisconsin,12.2
53583,Wisconsin,29.1
53585,Wisconsin,31.4
53586,Wisconsin,8.8000002
53587,Wisconsin,8.6000004
53588,Wisconsin,11.5
53589,Wisconsin,89
53593,Wisconsin,103.2
53594,Wisconsin,28.1
53597,Wisconsin,125.5
53599,Wisconsin,110.5
53792,Wisconsin,0
53801,Wisconsin,5.6999998
53802,Wisconsin,23.5
53803,Wisconsin,41.099998
53804,Wisconsin,10.5
53805,Wisconsin,14.6
53806,Wisconsin,10.2
53807,Wisconsin,17.5
53809,Wisconsin,15.7
53810,Wisconsin,4.5
53811,Wisconsin,26.799999
53813,Wisconsin,15.9
53816,Wisconsin,5.1999998
53817,Wisconsin,50.799999
53818,Wisconsin,38
53820,Wisconsin,10.9
53821,Wisconsin,31.5
53825,Wisconsin,6.0999999
53826,Wisconsin,7.1999998
53827,Wisconsin,3.3
53901,Wisconsin,39.299999
53910,Wisconsin,22
53911,Wisconsin,14.6
53913,Wisconsin,58.400002
53916,Wisconsin,86.5
53919,Wisconsin,14.8
53920,Wisconsin,20.200001
53922,Wisconsin,8.6999998
53923,Wisconsin,10.5
53924,Wisconsin,7.5
53925,Wisconsin,23.9
53926,Wisconsin,13
53928,Wisconsin,176.39999
53929,Wisconsin,13.4
53930,Wisconsin,12.3
53931,Wisconsin,107.9
53932,Wisconsin,26.799999
53933,Wisconsin,42.599998
53934,Wisconsin,14.1
53935,Wisconsin,120.3
53936,Wisconsin,10.5
53937,Wisconsin,7.9000001
53939,Wisconsin,180.8
53941,Wisconsin,16.200001
53943,Wisconsin,8.3999996
53944,Wisconsin,11.1
53946,Wisconsin,13.4
53948,Wisconsin,22.1
53949,Wisconsin,13.7
53950,Wisconsin,20.4
53951,Wisconsin,13.7
53952,Wisconsin,17.9
53953,Wisconsin,43.900002
53954,Wisconsin,33.700001
53955,Wisconsin,29.700001
53956,Wisconsin,16.700001
53959,Wisconsin,46.799999
53960,Wisconsin,14
53961,Wisconsin,13.5
53963,Wisconsin,64.099998
53964,Wisconsin,12.3
53965,Wisconsin,23.700001
53968,Wisconsin,12.5
53969,Wisconsin,174.39999
54001,Wisconsin,27.200001
54002,Wisconsin,32.099998
54003,Wisconsin,13.5
54004,Wisconsin,10.6
54005,Wisconsin,14.8
54006,Wisconsin,10.6
54007,Wisconsin,9.6999998
54009,Wisconsin,30
54011,Wisconsin,25.6
54013,Wisconsin,13.2
54014,Wisconsin,19.9
54015,Wisconsin,36.599998
54016,Wisconsin,170.5
54017,Wisconsin,46.700001
54020,Wisconsin,37
54021,Wisconsin,57.400002
54022,Wisconsin,61.5
54023,Wisconsin,35.900002
54024,Wisconsin,22
54025,Wisconsin,54.5
54026,Wisconsin,25.200001
54027,Wisconsin,12.8
54028,Wisconsin,23.299999
54082,Wisconsin,48.400002
54101,Wisconsin,20
54102,Wisconsin,3.4000001
54103,Wisconsin,2.2
54104,Wisconsin,2
54106,Wisconsin,21.1
54107,Wisconsin,19.5
54110,Wisconsin,31.9
54111,Wisconsin,15.6
54112,Wisconsin,14
54114,Wisconsin,8.1000004
54115,Wisconsin,126.7
54119,Wisconsin,4.5
54120,Wisconsin,1
54121,Wisconsin,4.4000001
54124,Wisconsin,15.9
54125,Wisconsin,2.7
54126,Wisconsin,18.4
54128,Wisconsin,13.2
54129,Wisconsin,18.5
54130,Wisconsin,121.6
54135,Wisconsin,14.9
54137,Wisconsin,16.5
54138,Wisconsin,4.3000002
54139,Wisconsin,12.5
54141,Wisconsin,38.400002
54143,Wisconsin,86.699997
54149,Wisconsin,3.5999999
54150,Wisconsin,23.4
54151,Wisconsin,11.4
54153,Wisconsin,27.700001
54154,Wisconsin,25.700001
54155,Wisconsin,61.200001
54156,Wisconsin,4.3000002
54157,Wisconsin,26
54159,Wisconsin,8.8000002
54161,Wisconsin,8.3999996
54162,Wisconsin,30.700001
54165,Wisconsin,31.200001
54166,Wisconsin,46.400002
54170,Wisconsin,12.6
54171,Wisconsin,56
54173,Wisconsin,112.3
54174,Wisconsin,6.0999999
54175,Wisconsin,7.1999998
54177,Wisconsin,6.5
54201,Wisconsin,27.6
54202,Wisconsin,11.5
54204,Wisconsin,14.8
54205,Wisconsin,20.4
54207,Wisconsin,68.699997
54208,Wisconsin,22.9
54209,Wisconsin,11.7
54210,Wisconsin,13
54211,Wisconsin,30.1
54212,Wisconsin,11.7
54213,Wisconsin,13.4
54216,Wisconsin,22.4
54217,Wisconsin,25.299999
54220,Wisconsin,157.3
54227,Wisconsin,19.299999
54228,Wisconsin,25.799999
54229,Wisconsin,40.5
54230,Wisconsin,16.799999
54234,Wisconsin,25.9
54235,Wisconsin,34.599998
54241,Wisconsin,86.5
54245,Wisconsin,21.5
54246,Wisconsin,10.7
54247,Wisconsin,26.6
54401,Wisconsin,142.39999
54403,Wisconsin,70
54405,Wisconsin,39.099998
54406,Wisconsin,20
54407,Wisconsin,12.4
54408,Wisconsin,9.1999998
54409,Wisconsin,24.1
54410,Wisconsin,13.9
54411,Wisconsin,11
54412,Wisconsin,11.6
54413,Wisconsin,2.4000001
54414,Wisconsin,10.2
54416,Wisconsin,7.8000002
54417,Wisconsin,56.900002
54418,Wisconsin,3.5999999
54420,Wisconsin,13.1
54421,Wisconsin,18.799999
54422,Wisconsin,12
54423,Wisconsin,16.9
54424,Wisconsin,3.9000001
54425,Wisconsin,17.799999
54426,Wisconsin,16
54427,Wisconsin,9.5
54428,Wisconsin,6.6999998
54430,Wisconsin,10.7
54433,Wisconsin,4.4000001
54435,Wisconsin,3.5
54436,Wisconsin,8
54437,Wisconsin,10
54440,Wisconsin,13.5
54442,Wisconsin,6.0999999
54443,Wisconsin,9.1000004
54446,Wisconsin,15.8
54447,Wisconsin,6.1999998
54448,Wisconsin,18.4
54449,Wisconsin,59.799999
54450,Wisconsin,100.8
54451,Wisconsin,13.1
54452,Wisconsin,16.9
54454,Wisconsin,10.8
54455,Wisconsin,28.6
54456,Wisconsin,10.6
54457,Wisconsin,24.299999
54458,Wisconsin,71.5
54459,Wisconsin,3.2
54460,Wisconsin,12.4
54462,Wisconsin,3.3
54463,Wisconsin,3.3
54465,Wisconsin,7.4000001
54466,Wisconsin,3.5999999
54467,Wisconsin,76.300003
54470,Wisconsin,7.5999999
54471,Wisconsin,15.4
54473,Wisconsin,12.2
54475,Wisconsin,15.5
54476,Wisconsin,169.60001
54479,Wisconsin,19.9
54480,Wisconsin,14.7
54481,Wisconsin,177.60001
54482,Wisconsin,37.799999
54484,Wisconsin,18.5
54485,Wisconsin,6
54486,Wisconsin,7.1999998
54487,Wisconsin,12.3
54488,Wisconsin,12.2
54489,Wisconsin,13.6
54490,Wisconsin,3.0999999
54491,Wisconsin,3.5999999
54493,Wisconsin,2.4000001
54494,Wisconsin,78.599998
54495,Wisconsin,27.4
54498,Wisconsin,7.6999998
54499,Wisconsin,11
54501,Wisconsin,21.1
54511,Wisconsin,1.7
54512,Wisconsin,4.1999998
54513,Wisconsin,2
54514,Wisconsin,3.2
54515,Wisconsin,2.2
54517,Wisconsin,.60000002
54519,Wisconsin,5.9000001
54520,Wisconsin,11.2
54521,Wisconsin,12.8
54524,Wisconsin,2.8
54525,Wisconsin,152.7
54526,Wisconsin,3.2
54527,Wisconsin,1.8
54529,Wisconsin,6.5999999
54530,Wisconsin,3.0999999
54531,Wisconsin,7.1999998
54534,Wisconsin,7.3000002
54536,Wisconsin,1.4
54537,Wisconsin,2.2
54538,Wisconsin,10.8
54539,Wisconsin,10.9
54540,Wisconsin,4.4000001
54541,Wisconsin,4.5
54542,Wisconsin,.69999999
54545,Wisconsin,6.5
54546,Wisconsin,2.3
54547,Wisconsin,2.5
54548,Wisconsin,20.200001
54550,Wisconsin,11
54552,Wisconsin,4.9000001
54554,Wisconsin,5
54555,Wisconsin,5.9000001
54556,Wisconsin,5.5999999
54557,Wisconsin,3.9000001
54558,Wisconsin,19.700001
54559,Wisconsin,2.2
54560,Wisconsin,6.5
54561,Wisconsin,.80000001
54562,Wisconsin,5.1999998
54563,Wisconsin,6.6999998
54564,Wisconsin,.80000001
54565,Wisconsin,.2
54566,Wisconsin,4.4000001
54568,Wisconsin,26.299999
54610,Wisconsin,4.9000001
54611,Wisconsin,9.3000002
54612,Wisconsin,12.8
54613,Wisconsin,9.6000004
54614,Wisconsin,14
54615,Wisconsin,13.8
54616,Wisconsin,11.3
54618,Wisconsin,8.8000002
54619,Wisconsin,14.7
54621,Wisconsin,11.7
54622,Wisconsin,14
54623,Wisconsin,14.2
54624,Wisconsin,8.1999998
54625,Wisconsin,14.7
54626,Wisconsin,7
54627,Wisconsin,8.6000004
54628,Wisconsin,5.5999999
54629,Wisconsin,9.1000004
54630,Wisconsin,18.5
54631,Wisconsin,6.8000002
54632,Wisconsin,10.3
54634,Wisconsin,11
54635,Wisconsin,8.1000004
54636,Wisconsin,64.199997
54638,Wisconsin,10.4
54639,Wisconsin,9.6000004
54641,Wisconsin,.2
54642,Wisconsin,8.6999998
54643,Wisconsin,50.5
54644,Wisconsin,8.8000002
54645,Wisconsin,64.400002
54646,Wisconsin,9
54648,Wisconsin,9.3000002
54651,Wisconsin,9.1999998
54652,Wisconsin,10.2
54653,Wisconsin,20
54654,Wisconsin,81.699997
54655,Wisconsin,7.5999999
54656,Wisconsin,26.799999
54657,Wisconsin,5.8000002
54658,Wisconsin,26.6
54659,Wisconsin,9.6000004
54660,Wisconsin,39.700001
54661,Wisconsin,25.299999
54664,Wisconsin,7.5
54665,Wisconsin,18.5
54666,Wisconsin,4.4000001
54667,Wisconsin,20.4
54669,Wisconsin,57.5
54670,Wisconsin,13.4
54701,Wisconsin,174.39999
54721,Wisconsin,8.3000002
54722,Wisconsin,10.8
54723,Wisconsin,15
54724,Wisconsin,17.4
54725,Wisconsin,11.2
54726,Wisconsin,7.9000001
54727,Wisconsin,13.5
54728,Wisconsin,18.700001
54729,Wisconsin,73
54730,Wisconsin,13.6
54731,Wisconsin,6.4000001
54732,Wisconsin,10.2
54733,Wisconsin,11.3
54734,Wisconsin,10
54736,Wisconsin,12.6
54737,Wisconsin,8.6999998
54738,Wisconsin,12.2
54739,Wisconsin,18.799999
54740,Wisconsin,8.6999998
54741,Wisconsin,6.3000002
54742,Wisconsin,16.5
54745,Wisconsin,6.5999999
54746,Wisconsin,6.5999999
54747,Wisconsin,8.6999998
54748,Wisconsin,11.4
54749,Wisconsin,12.3
54750,Wisconsin,6.4000001
54751,Wisconsin,43.5
54754,Wisconsin,7
54755,Wisconsin,10.6
54756,Wisconsin,4.9000001
54757,Wisconsin,8.1000004
54758,Wisconsin,11.2
54759,Wisconsin,11.5
54761,Wisconsin,11.5
54762,Wisconsin,9.6999998
54763,Wisconsin,7.9000001
54766,Wisconsin,5
54767,Wisconsin,14.9
54768,Wisconsin,18.4
54769,Wisconsin,6.1999998
54770,Wisconsin,11.9
54771,Wisconsin,10.7
54772,Wisconsin,7.0999999
54773,Wisconsin,17.700001
54801,Wisconsin,13.3
54805,Wisconsin,17
54806,Wisconsin,17.200001
54810,Wisconsin,21.4
54812,Wisconsin,24
54813,Wisconsin,4.3000002
54814,Wisconsin,6.5
54817,Wisconsin,5.1999998
54819,Wisconsin,5.9000001
54820,Wisconsin,3
54821,Wisconsin,2.7
54822,Wisconsin,36.5
54824,Wisconsin,23.299999
54826,Wisconsin,6.4000001
54827,Wisconsin,2
54828,Wisconsin,4.3000002
54829,Wisconsin,15.2
54830,Wisconsin,3
54832,Wisconsin,1.5
54835,Wisconsin,2.8
54836,Wisconsin,3.2
54837,Wisconsin,8.3000002
54838,Wisconsin,1.8
54839,Wisconsin,2.5
54840,Wisconsin,7
54842,Wisconsin,11.4
54843,Wisconsin,10.1
54844,Wisconsin,1.7
54845,Wisconsin,8.5
54846,Wisconsin,6.8000002
54847,Wisconsin,5.1999998
54848,Wisconsin,12.7
54849,Wisconsin,8.3999996
54850,Wisconsin,1.3
54853,Wisconsin,16.6
54854,Wisconsin,4.8000002
54855,Wisconsin,4.1999998
54856,Wisconsin,2.7
54857,Wisconsin,84.900002
54858,Wisconsin,30.4
54859,Wisconsin,4
54861,Wisconsin,12.2
54862,Wisconsin,2.3
54864,Wisconsin,10
54865,Wisconsin,2.8
54867,Wisconsin,5.0999999
54868,Wisconsin,28.6
54870,Wisconsin,6.4000001
54871,Wisconsin,10.8
54872,Wisconsin,16
54873,Wisconsin,4
54874,Wisconsin,9.6000004
54875,Wisconsin,3.7
54876,Wisconsin,5.9000001
54880,Wisconsin,69
54888,Wisconsin,5.4000001
54889,Wisconsin,15.1
54891,Wisconsin,17.799999
54893,Wisconsin,9.1999998
54895,Wisconsin,3.3
54896,Wisconsin,1.3
54904,Wisconsin,106.7
54909,Wisconsin,8.8000002
54913,Wisconsin,108.1
54921,Wisconsin,6.5999999
54922,Wisconsin,12.3
54923,Wisconsin,24.9
54928,Wisconsin,15.8
54929,Wisconsin,28.299999
54930,Wisconsin,7.4000001
54932,Wisconsin,15.1
54933,Wisconsin,91.400002
54937,Wisconsin,64.599998
54940,Wisconsin,17.9
54941,Wisconsin,31.1
54942,Wisconsin,160.5
54943,Wisconsin,6.0999999
54944,Wisconsin,47.099998
54945,Wisconsin,13
54947,Wisconsin,21.6
54948,Wisconsin,8.6999998
54949,Wisconsin,20.9
54950,Wisconsin,14.3
54960,Wisconsin,10.3
54961,Wisconsin,44.599998
54962,Wisconsin,9
54963,Wisconsin,34.900002
54964,Wisconsin,11
54965,Wisconsin,8.8999996
54966,Wisconsin,9.6999998
54967,Wisconsin,50.900002
54968,Wisconsin,17.9
54970,Wisconsin,32.5
54971,Wisconsin,37.900002
54974,Wisconsin,23.200001
54977,Wisconsin,13.4
54979,Wisconsin,21.799999
54980,Wisconsin,116.2
54981,Wisconsin,44.599998
54982,Wisconsin,22.1
54983,Wisconsin,21.1
54984,Wisconsin,15.1
54986,Wisconsin,64.699997
55001,Minnesota,42.700001
55005,Minnesota,88.099998
55006,Minnesota,20.1
55007,Minnesota,8.1000004
55008,Minnesota,56.400002
55009,Minnesota,25.5
55011,Minnesota,87.300003
55012,Minnesota,35.200001
55013,Minnesota,86.199997
55017,Minnesota,9.1000004
55018,Minnesota,8
55019,Minnesota,34.700001
55020,Minnesota,57.5
55021,Minnesota,63.5
55024,Minnesota,140.60001
55025,Minnesota,114
55026,Minnesota,31.9
55027,Minnesota,9.8999996
55030,Minnesota,13
55031,Minnesota,19.799999
55032,Minnesota,20
55033,Minnesota,80.699997
55036,Minnesota,96.400002
55037,Minnesota,6.1999998
55038,Minnesota,162.2
55040,Minnesota,48.900002
55041,Minnesota,20
55042,Minnesota,139.39999
55045,Minnesota,82.5
55046,Minnesota,43.099998
55047,Minnesota,32.5
55049,Minnesota,19.9
55051,Minnesota,19.200001
55052,Minnesota,17.299999
55053,Minnesota,9.1000004
55056,Minnesota,51.5
55057,Minnesota,76
55060,Minnesota,54.5
55063,Minnesota,21.6
55065,Minnesota,14.1
55066,Minnesota,59.900002
55069,Minnesota,28.9
55070,Minnesota,106.7
55072,Minnesota,5.8000002
55073,Minnesota,45.099998
55074,Minnesota,24.700001
55079,Minnesota,52.400002
55080,Minnesota,15.5
55082,Minnesota,172.89999
55084,Minnesota,25.9
55088,Minnesota,18.9
55089,Minnesota,11.6
55092,Minnesota,124
55111,Minnesota,0
55155,Minnesota,0
55302,Minnesota,38.400002
55307,Minnesota,16
55308,Minnesota,55.799999
55309,Minnesota,107.2
55310,Minnesota,5.9000001
55312,Minnesota,8.6000004
55313,Minnesota,82.699997
55314,Minnesota,6.9000001
55315,Minnesota,69.400002
55319,Minnesota,27.4
55320,Minnesota,36.099998
55321,Minnesota,25.4
55322,Minnesota,22.4
55324,Minnesota,13.6
55325,Minnesota,23.200001
55327,Minnesota,74.300003
55328,Minnesota,74.199997
55329,Minnesota,16.200001
55330,Minnesota,134.7
55332,Minnesota,6.5
55333,Minnesota,4.6999998
55334,Minnesota,13.2
55335,Minnesota,5.5999999
55336,Minnesota,24.4
55338,Minnesota,10.9
55339,Minnesota,17
55340,Minnesota,67.599998
55342,Minnesota,4.8000002
55349,Minnesota,22.9
55350,Minnesota,43.900002
55352,Minnesota,50.599998
55353,Minnesota,14.5
55354,Minnesota,33.400002
55355,Minnesota,21.6
55356,Minnesota,164.3
55357,Minnesota,65.900002
55358,Minnesota,35.099998
55359,Minnesota,54.799999
55360,Minnesota,32.200001
55362,Minnesota,114.4
55363,Minnesota,64.099998
55367,Minnesota,17.1
55368,Minnesota,23.4
55370,Minnesota,13.5
55371,Minnesota,34.400002
55374,Minnesota,147.39999
55381,Minnesota,17.5
55382,Minnesota,19.5
55385,Minnesota,5.1999998
55387,Minnesota,150.7
55388,Minnesota,54.099998
55389,Minnesota,13.7
55390,Minnesota,27.200001
55395,Minnesota,54.5
55396,Minnesota,8.1999998
55397,Minnesota,38.099998
55398,Minnesota,77.199997
55450,Minnesota,1
55601,Minnesota,2.5999999
55602,Minnesota,.5
55603,Minnesota,.5
55604,Minnesota,1.5
55605,Minnesota,3
55606,Minnesota,.80000001
55607,Minnesota,.1
55609,Minnesota,32.799999
55612,Minnesota,1.2
55613,Minnesota,.89999998
55614,Minnesota,4.1999998
55615,Minnesota,.89999998
55616,Minnesota,7.5999999
55702,Minnesota,2.5
55703,Minnesota,1.9
55704,Minnesota,7.9000001
55705,Minnesota,10.9
55706,Minnesota,11.5
55707,Minnesota,8.3999996
55708,Minnesota,17
55709,Minnesota,6.9000001
55710,Minnesota,5
55711,Minnesota,3.5
55712,Minnesota,1.2
55713,Minnesota,72.5
55716,Minnesota,96.099998
55717,Minnesota,1.2
55718,Minnesota,20.799999
55719,Minnesota,32.599998
55720,Minnesota,40.799999
55721,Minnesota,15
55722,Minnesota,173
55723,Minnesota,1.7
55724,Minnesota,1.2
55725,Minnesota,.1
55726,Minnesota,4.4000001
55731,Minnesota,2.7
55732,Minnesota,3.0999999
55733,Minnesota,49.700001
55734,Minnesota,24.1
55735,Minnesota,5.1999998
55736,Minnesota,1.9
55738,Minnesota,1.9
55741,Minnesota,18.700001
55742,Minnesota,2.5
55744,Minnesota,31.299999
55746,Minnesota,20
55748,Minnesota,4.6999998
55749,Minnesota,2.2
55750,Minnesota,5.4000001
55751,Minnesota,9.8000002
55752,Minnesota,.80000001
55756,Minnesota,3.4000001
55757,Minnesota,3.0999999
55758,Minnesota,26.6
55760,Minnesota,3.2
55763,Minnesota,1.2
55764,Minnesota,37.799999
55765,Minnesota,1.8
55766,Minnesota,.89999998
55767,Minnesota,32.099998
55768,Minnesota,17.5
55769,Minnesota,4.9000001
55771,Minnesota,.60000002
55772,Minnesota,2
55775,Minnesota,7.8000002
55779,Minnesota,10.9
55780,Minnesota,3.2
55781,Minnesota,3.7
55782,Minnesota,14
55783,Minnesota,8.8999996
55784,Minnesota,1.4
55785,Minnesota,.89999998
55786,Minnesota,27.6
55787,Minnesota,2.3
55790,Minnesota,2.2
55792,Minnesota,39.099998
55793,Minnesota,3
55795,Minnesota,7.4000001
55797,Minnesota,8
55798,Minnesota,2.3
55803,Minnesota,20.1
55804,Minnesota,61.700001
55810,Minnesota,65.400002
55811,Minnesota,156
55904,Minnesota,163.5
55905,Minnesota,0
55906,Minnesota,106.6
55909,Minnesota,10.8
55910,Minnesota,6.3000002
55912,Minnesota,58.5
55917,Minnesota,10.6
55918,Minnesota,14.7
55919,Minnesota,8.8000002
55920,Minnesota,38.700001
55921,Minnesota,10.6
55922,Minnesota,9.3000002
55923,Minnesota,14.1
55924,Minnesota,6.5
55925,Minnesota,14.2
55926,Minnesota,5.3000002
55927,Minnesota,19.6
55929,Minnesota,10.1
55931,Minnesota,6.9000001
55932,Minnesota,15.5
55933,Minnesota,4
55934,Minnesota,16.200001
55935,Minnesota,6.6999998
55936,Minnesota,8.8000002
55939,Minnesota,9.3000002
55940,Minnesota,11.4
55941,Minnesota,15
55943,Minnesota,6.9000001
55944,Minnesota,47.400002
55945,Minnesota,5.6999998
55946,Minnesota,10.2
55947,Minnesota,39.700001
55949,Minnesota,6.3000002
55950,Minnesota,97.900002
55951,Minnesota,8
55952,Minnesota,14.9
55953,Minnesota,10
55954,Minnesota,8.5
55955,Minnesota,33.599998
55956,Minnesota,14
55957,Minnesota,7.3000002
55959,Minnesota,24.1
55960,Minnesota,34
55961,Minnesota,5.1999998
55962,Minnesota,4.6999998
55963,Minnesota,24.700001
55964,Minnesota,19
55965,Minnesota,8
55967,Minnesota,9.6000004
55968,Minnesota,29.5
55969,Minnesota,14
55970,Minnesota,6.5
55971,Minnesota,14.3
55972,Minnesota,22.200001
55973,Minnesota,3.8
55974,Minnesota,9.8000002
55975,Minnesota,10.9
55976,Minnesota,33.099998
55977,Minnesota,3.2
55979,Minnesota,7.5
55981,Minnesota,30.200001
55982,Minnesota,5.5999999
55983,Minnesota,15.9
55985,Minnesota,7.9000001
55987,Minnesota,86.099998
55990,Minnesota,7.6999998
55991,Minnesota,10.5
55992,Minnesota,24.200001
56001,Minnesota,156.2
56003,Minnesota,126.6
56007,Minnesota,48.5
56009,Minnesota,6.5
56010,Minnesota,5.3000002
56011,Minnesota,33.099998
56013,Minnesota,10.3
56014,Minnesota,4.1999998
56016,Minnesota,16.1
56017,Minnesota,21.700001
56019,Minnesota,3.4000001
56020,Minnesota,43.099998
56021,Minnesota,11.2
56023,Minnesota,3.0999999
56024,Minnesota,53.700001
56025,Minnesota,3.9000001
56026,Minnesota,7.4000001
56027,Minnesota,4.8000002
56028,Minnesota,23.9
56029,Minnesota,6.3000002
56031,Minnesota,30.700001
56033,Minnesota,3.7
56034,Minnesota,6.6999998
56036,Minnesota,6.4000001
56037,Minnesota,8.8000002
56039,Minnesota,4.1999998
56041,Minnesota,6
56042,Minnesota,5.3000002
56043,Minnesota,9.3000002
56044,Minnesota,10
56045,Minnesota,11.5
56046,Minnesota,24.799999
56047,Minnesota,26.799999
56048,Minnesota,12.6
56050,Minnesota,27.1
56051,Minnesota,8.8999996
56052,Minnesota,5.5999999
56054,Minnesota,6
56055,Minnesota,12.7
56056,Minnesota,36
56057,Minnesota,17.200001
56058,Minnesota,17.9
56060,Minnesota,5.3000002
56062,Minnesota,9.8000002
56063,Minnesota,24.9
56065,Minnesota,9.3999996
56068,Minnesota,6.4000001
56069,Minnesota,24.1
56071,Minnesota,54.900002
56072,Minnesota,7.5999999
56073,Minnesota,32.400002
56074,Minnesota,9.8999996
56078,Minnesota,8.5
56081,Minnesota,13.4
56082,Minnesota,42.299999
56083,Minnesota,3.4000001
56085,Minnesota,10
56087,Minnesota,8.3999996
56088,Minnesota,6
56089,Minnesota,78.800003
56090,Minnesota,5.8000002
56091,Minnesota,7.3000002
56093,Minnesota,27.6
56096,Minnesota,21.799999
56097,Minnesota,7.8000002
56098,Minnesota,7.4000001
56101,Minnesota,13
56110,Minnesota,6.5999999
56111,Minnesota,3.2
56113,Minnesota,2.5
56114,Minnesota,2.9000001
56115,Minnesota,4.4000001
56116,Minnesota,5.6999998
56117,Minnesota,6
56118,Minnesota,3.0999999
56119,Minnesota,4.3000002
56120,Minnesota,4.4000001
56121,Minnesota,6.8000002
56122,Minnesota,4.5
56123,Minnesota,2.9000001
56125,Minnesota,24.799999
56127,Minnesota,2.9000001
56128,Minnesota,6.5
56129,Minnesota,6.0999999
56131,Minnesota,5.5
56132,Minnesota,3.5
56134,Minnesota,3.5
56136,Minnesota,5
56137,Minnesota,3.8
56138,Minnesota,12
56139,Minnesota,3.7
56141,Minnesota,3.0999999
56142,Minnesota,3.9000001
56143,Minnesota,9.5
56144,Minnesota,4.5
56145,Minnesota,4.5
56146,Minnesota,15.6
56147,Minnesota,2.5
56149,Minnesota,4.4000001
56150,Minnesota,6.1999998
56151,Minnesota,3.2
56152,Minnesota,4.4000001
56153,Minnesota,24
56155,Minnesota,3.8
56156,Minnesota,14
56157,Minnesota,6.6999998
56158,Minnesota,4.0999999
56159,Minnesota,9.3999996
56160,Minnesota,3.8
56161,Minnesota,4.8000002
56162,Minnesota,4.8000002
56164,Minnesota,8.8000002
56165,Minnesota,3.5
56166,Minnesota,2.7
56167,Minnesota,5
56168,Minnesota,3.7
56169,Minnesota,4.8000002
56170,Minnesota,3.3
56171,Minnesota,7.5
56172,Minnesota,10.3
56173,Minnesota,5.6999998
56174,Minnesota,3.5999999
56175,Minnesota,8.6999998
56176,Minnesota,7.1999998
56178,Minnesota,8
56180,Minnesota,4.6999998
56181,Minnesota,6.8000002
56183,Minnesota,4.8000002
56185,Minnesota,4.9000001
56186,Minnesota,2.4000001
56187,Minnesota,32.200001
56201,Minnesota,74.699997
56207,Minnesota,2.0999999
56208,Minnesota,4.1999998
56209,Minnesota,9.1999998
56210,Minnesota,22.200001
56211,Minnesota,1.9
56212,Minnesota,2.5
56214,Minnesota,4.5
56215,Minnesota,8.6000004
56216,Minnesota,6.8000002
56218,Minnesota,2.5
56219,Minnesota,5.5
56220,Minnesota,4.3000002
56221,Minnesota,2.0999999
56222,Minnesota,8
56223,Minnesota,4.6999998
56224,Minnesota,3.5
56225,Minnesota,3
56226,Minnesota,3.0999999
56227,Minnesota,1.3
56228,Minnesota,5.8000002
56229,Minnesota,7.4000001
56230,Minnesota,5.4000001
56231,Minnesota,1.5
56232,Minnesota,6.4000001
56235,Minnesota,2.5
56236,Minnesota,1.4
56237,Minnesota,3.5
56239,Minnesota,8.6000004
56240,Minnesota,2.7
56241,Minnesota,10.9
56243,Minnesota,7.0999999
56244,Minnesota,4.8000002
56245,Minnesota,4.4000001
56248,Minnesota,2.3
56249,Minnesota,1.7
56251,Minnesota,11.3
56252,Minnesota,6.5999999
56253,Minnesota,3.7
56255,Minnesota,3.8
56256,Minnesota,4.3000002
56257,Minnesota,2.3
56258,Minnesota,31.200001
56260,Minnesota,3.8
56262,Minnesota,4.1999998
56263,Minnesota,4.1999998
56264,Minnesota,6.6999998
56265,Minnesota,11.2
56266,Minnesota,6.0999999
56267,Minnesota,13
56270,Minnesota,10.2
56271,Minnesota,3.0999999
56273,Minnesota,18.799999
56274,Minnesota,.89999998
56276,Minnesota,2.0999999
56277,Minnesota,11.5
56278,Minnesota,7.8000002
56279,Minnesota,8.1999998
56280,Minnesota,2.7
56281,Minnesota,19.4
56282,Minnesota,5.5
56283,Minnesota,14.5
56284,Minnesota,5.8000002
56285,Minnesota,4.3000002
56287,Minnesota,71.199997
56288,Minnesota,38.599998
56289,Minnesota,5
56291,Minnesota,2.9000001
56292,Minnesota,4.0999999
56293,Minnesota,5.5999999
56294,Minnesota,125.2
56295,Minnesota,5.4000001
56296,Minnesota,3.0999999
56297,Minnesota,5.0999999
56301,Minnesota,168.8
56304,Minnesota,103.2
56307,Minnesota,18.6
56308,Minnesota,59.5
56309,Minnesota,8.3999996
56310,Minnesota,27.6
56311,Minnesota,4.0999999
56312,Minnesota,5.3000002
56314,Minnesota,11.4
56315,Minnesota,8.8000002
56316,Minnesota,4.5
56318,Minnesota,12
56319,Minnesota,12.7
56320,Minnesota,58.200001
56323,Minnesota,5.3000002
56324,Minnesota,7.5999999
56326,Minnesota,6.1999998
56327,Minnesota,6.1999998
56328,Minnesota,35.400002
56329,Minnesota,14.9
56330,Minnesota,16.4
56331,Minnesota,11.2
56332,Minnesota,10.7
56334,Minnesota,10.6
56335,Minnesota,154.2
56336,Minnesota,11.8
56338,Minnesota,3.9000001
56339,Minnesota,6.9000001
56340,Minnesota,17.9
56342,Minnesota,5.5999999
56343,Minnesota,5.1999998
56345,Minnesota,25.1
56347,Minnesota,14.6
56349,Minnesota,6.5999999
56350,Minnesota,1
56352,Minnesota,20
56353,Minnesota,18.700001
56354,Minnesota,12.6
56355,Minnesota,8.6000004
56357,Minnesota,10.7
56358,Minnesota,10.2
56359,Minnesota,7.6999998
56360,Minnesota,11.6
56361,Minnesota,6
56362,Minnesota,15.3
56363,Minnesota,175.60001
56364,Minnesota,8.8000002
56367,Minnesota,23.9
56368,Minnesota,23.700001
56371,Minnesota,84.699997
56373,Minnesota,11.7
56374,Minnesota,56.299999
56375,Minnesota,89.800003
56376,Minnesota,76.300003
56378,Minnesota,14.2
56379,Minnesota,69
56381,Minnesota,6.3000002
56382,Minnesota,8.1999998
56384,Minnesota,116.4
56385,Minnesota,5.5
56386,Minnesota,12.6
56389,Minnesota,74.300003
56401,Minnesota,35
56425,Minnesota,155.89999
56431,Minnesota,7.5999999
56433,Minnesota,5.8000002
56434,Minnesota,6.0999999
56435,Minnesota,5.6999998
56436,Minnesota,39.700001
56437,Minnesota,8
56438,Minnesota,7.9000001
56440,Minnesota,10
56441,Minnesota,17.5
56442,Minnesota,25.9
56443,Minnesota,5.4000001
56444,Minnesota,21.4
56446,Minnesota,6.1999998
56447,Minnesota,4.5
56448,Minnesota,4.8000002
56449,Minnesota,7.4000001
56450,Minnesota,15.3
56452,Minnesota,6.9000001
56453,Minnesota,6.1999998
56455,Minnesota,23.6
56456,Minnesota,26
56458,Minnesota,5.4000001
56461,Minnesota,4.5999999
56464,Minnesota,6.5999999
56465,Minnesota,20.6
56466,Minnesota,6.4000001
56467,Minnesota,7.5999999
56468,Minnesota,34.400002
56469,Minnesota,1.4
56470,Minnesota,10.2
56472,Minnesota,18.5
56473,Minnesota,16.200001
56474,Minnesota,6.6999998
56475,Minnesota,9.5
56477,Minnesota,4.5
56479,Minnesota,10.5
56481,Minnesota,5.3000002
56482,Minnesota,19.6
56484,Minnesota,13.7
56501,Minnesota,33.599998
56510,Minnesota,3.8
56511,Minnesota,11.2
56514,Minnesota,6.6999998
56515,Minnesota,11.2
56516,Minnesota,1.4
56517,Minnesota,1.1
56518,Minnesota,8
56519,Minnesota,1.2
56520,Minnesota,12.5
56521,Minnesota,4.3000002
56522,Minnesota,1.4
56523,Minnesota,2.5
56524,Minnesota,6.3000002
56525,Minnesota,19.6
56527,Minnesota,6.1999998
56528,Minnesota,10
56531,Minnesota,4.8000002
56533,Minnesota,6.3000002
56534,Minnesota,7.3000002
56535,Minnesota,6.3000002
56536,Minnesota,1.8
56537,Minnesota,25.1
56540,Minnesota,4
56541,Minnesota,4.5999999
56542,Minnesota,5.6999998
56543,Minnesota,1.6
56544,Minnesota,10.6
56545,Minnesota,1.7
56546,Minnesota,2.2
56547,Minnesota,6.6999998
56548,Minnesota,4.5999999
56549,Minnesota,8.3000002
56550,Minnesota,2.8
56551,Minnesota,8
56552,Minnesota,3.4000001
56553,Minnesota,1.8
56554,Minnesota,8.8999996
56556,Minnesota,4.5
56557,Minnesota,4.4000001
56560,Minnesota,99.400002
56565,Minnesota,1.4
56566,Minnesota,14.4
56567,Minnesota,8.3000002
56568,Minnesota,1.6
56569,Minnesota,4.0999999
56570,Minnesota,4.9000001
56571,Minnesota,15.1
56572,Minnesota,12.9
56573,Minnesota,16.700001
56574,Minnesota,1.7
56575,Minnesota,2
56576,Minnesota,7.8000002
56577,Minnesota,26.700001
56578,Minnesota,4.1999998
56579,Minnesota,2.2
56580,Minnesota,7.0999999
56581,Minnesota,2.8
56583,Minnesota,.80000001
56584,Minnesota,4.4000001
56585,Minnesota,3.4000001
56586,Minnesota,9.8999996
56587,Minnesota,9.5
56588,Minnesota,4.0999999
56589,Minnesota,3.0999999
56590,Minnesota,1.9
56591,Minnesota,76
56592,Minnesota,3.4000001
56594,Minnesota,1.8
56601,Minnesota,34
56621,Minnesota,5.6999998
56623,Minnesota,2.2
56626,Minnesota,2.4000001
56627,Minnesota,.1
56628,Minnesota,2.5999999
56629,Minnesota,.30000001
56630,Minnesota,3
56633,Minnesota,8
56634,Minnesota,5.3000002
56636,Minnesota,4.4000001
56637,Minnesota,3.7
56639,Minnesota,.60000002
56641,Minnesota,4
56644,Minnesota,2.9000001
56646,Minnesota,1.7
56647,Minnesota,4
56649,Minnesota,14.9
56650,Minnesota,1.6
56651,Minnesota,3.0999999
56652,Minnesota,2.5
56653,Minnesota,.80000001
56654,Minnesota,.5
56655,Minnesota,4.8000002
56657,Minnesota,2.0999999
56658,Minnesota,0
56659,Minnesota,1.6
56660,Minnesota,.5
56661,Minnesota,.89999998
56662,Minnesota,3.3
56663,Minnesota,1.5
56666,Minnesota,9.3999996
56667,Minnesota,2.8
56669,Minnesota,.69999999
56670,Minnesota,12
56671,Minnesota,5.9000001
56672,Minnesota,1.9
56673,Minnesota,2.5999999
56676,Minnesota,3.0999999
56678,Minnesota,4.0999999
56680,Minnesota,1.6
56681,Minnesota,1.2
56683,Minnesota,4.8000002
56684,Minnesota,1.1
56685,Minnesota,.40000001
56686,Minnesota,2.2
56687,Minnesota,15.4
56688,Minnesota,.5
56701,Minnesota,12.8
56710,Minnesota,4.5
56711,Minnesota,2
56713,Minnesota,2.0999999
56714,Minnesota,2.2
56715,Minnesota,2.0999999
56716,Minnesota,11.5
56720,Minnesota,1.2
56721,Minnesota,20.700001
56722,Minnesota,1
56723,Minnesota,3.3
56724,Minnesota,.5
56725,Minnesota,1.3
56726,Minnesota,2
56727,Minnesota,.40000001
56728,Minnesota,2.7
56729,Minnesota,.89999998
56731,Minnesota,1
56732,Minnesota,3.0999999
56733,Minnesota,1
56734,Minnesota,1
56735,Minnesota,.89999998
56736,Minnesota,3.3
56737,Minnesota,1.8
56738,Minnesota,3
56741,Minnesota,1.8
56742,Minnesota,2.8
56744,Minnesota,2.3
56748,Minnesota,2.7
56750,Minnesota,4.1999998
56751,Minnesota,4.5999999
56754,Minnesota,5.6999998
56755,Minnesota,.80000001
56756,Minnesota,2.9000001
56757,Minnesota,1.6
56758,Minnesota,1.5
56759,Minnesota,1
56760,Minnesota,1.9
56761,Minnesota,1.8
56762,Minnesota,2.8
56763,Minnesota,8.1999998
60033,Illinois,44.299999
60034,Illinois,30.299999
60071,Illinois,53.5
60072,Illinois,45
60083,Illinois,143.7
60098,Illinois,118.2
60109,Illinois,75.300003
60111,Illinois,4.9000001
60119,Illinois,79.400002
60129,Illinois,5.5
60135,Illinois,60.400002
60140,Illinois,67.5
60145,Illinois,28.299999
60146,Illinois,19.5
60150,Illinois,12.9
60151,Illinois,19.200001
60152,Illinois,51.299999
60178,Illinois,121.6
60180,Illinois,30.200001
60184,Illinois,116.4
60401,Illinois,53
60407,Illinois,54.400002
60416,Illinois,162.39999
60417,Illinois,154.2
60420,Illinois,23.4
60421,Illinois,37.599998
60424,Illinois,18.299999
60437,Illinois,3.8
60442,Illinois,56
60444,Illinois,14.4
60447,Illinois,77.599998
60449,Illinois,73.199997
60450,Illinois,49.900002
60460,Illinois,6.0999999
60468,Illinois,32.700001
60470,Illinois,6.4000001
60474,Illinois,88.800003
60479,Illinois,7.1999998
60481,Illinois,41.599998
60511,Illinois,23.200001
60512,Illinois,53.700001
60518,Illinois,10.3
60520,Illinois,24.799999
60530,Illinois,8.8999996
60531,Illinois,12.6
60536,Illinois,66.099998
60539,Illinois,175.89999
60541,Illinois,14.4
60545,Illinois,132
60548,Illinois,116.7
60549,Illinois,10.4
60550,Illinois,12.5
60551,Illinois,33.900002
60552,Illinois,63.299999
60553,Illinois,5.9000001
60554,Illinois,127.7
60556,Illinois,14.8
60557,Illinois,89
60560,Illinois,111.4
60901,Illinois,149.8
60911,Illinois,8.3000002
60912,Illinois,6.5
60913,Illinois,13.6
60917,Illinois,6
60918,Illinois,6.8000002
60919,Illinois,6.1999998
60920,Illinois,34.900002
60921,Illinois,8.1999998
60922,Illinois,17.9
60924,Illinois,8.6999998
60926,Illinois,9.3999996
60927,Illinois,12.6
60928,Illinois,24.799999
60929,Illinois,7.1999998
60930,Illinois,8
60931,Illinois,5.1999998
60932,Illinois,40.700001
60933,Illinois,57.599998
60934,Illinois,3.3
60935,Illinois,21.700001
60936,Illinois,16.5
60938,Illinois,16.1
60940,Illinois,17.200001
60941,Illinois,15
60942,Illinois,20.700001
60945,Illinois,111.6
60946,Illinois,3.8
60948,Illinois,12.5
60949,Illinois,9.6999998
60950,Illinois,61.5
60951,Illinois,7
60952,Illinois,6.4000001
60953,Illinois,6.4000001
60954,Illinois,35.5
60955,Illinois,8.3999996
60957,Illinois,21.700001
60958,Illinois,15.8
60959,Illinois,7.5
60960,Illinois,4.9000001
60961,Illinois,7.3000002
60962,Illinois,5
60963,Illinois,9
60964,Illinois,25.6
60966,Illinois,9.8000002
60968,Illinois,3.9000001
60969,Illinois,99.099998
60970,Illinois,21.4
60973,Illinois,4.3000002
60974,Illinois,79.400002
61001,Illinois,11.7
61006,Illinois,9.8000002
61007,Illinois,7.6999998
61008,Illinois,153.39999
61010,Illinois,79.800003
61011,Illinois,29.799999
61012,Illinois,23.200001
61014,Illinois,7
61015,Illinois,8.8999996
61016,Illinois,66.199997
61018,Illinois,12.9
61019,Illinois,37.900002
61020,Illinois,38
61021,Illinois,61.200001
61024,Illinois,16.200001
61025,Illinois,54
61027,Illinois,78
61028,Illinois,7.1999998
61030,Illinois,14.3
61031,Illinois,13.8
61032,Illinois,82.599998
61036,Illinois,24.799999
61038,Illinois,12.3
61039,Illinois,11.1
61041,Illinois,8.6000004
61042,Illinois,3.0999999
61043,Illinois,26.799999
61044,Illinois,7.0999999
61046,Illinois,13.3
61047,Illinois,9.8999996
61048,Illinois,20.200001
61049,Illinois,11.1
61050,Illinois,15.2
61051,Illinois,11.3
61052,Illinois,16.1
61053,Illinois,10
61054,Illinois,38.599998
61057,Illinois,38.599998
61059,Illinois,32.700001
61060,Illinois,15.3
61061,Illinois,25.799999
61062,Illinois,10.4
61063,Illinois,20.9
61064,Illinois,14.1
61065,Illinois,84.300003
61067,Illinois,10.4
61068,Illinois,48.799999
61070,Illinois,12.6
61071,Illinois,78.099998
61072,Illinois,86.699997
61074,Illinois,23
61075,Illinois,7.3000002
61078,Illinois,9.1999998
61079,Illinois,41.099998
61080,Illinois,163.10001
61081,Illinois,68.599998
61084,Illinois,35.299999
61085,Illinois,10.3
61087,Illinois,21.700001
61088,Illinois,42.200001
61089,Illinois,7.8000002
61091,Illinois,29.799999
61112,Illinois,42.5
61230,Illinois,25.299999
61231,Illinois,14.5
61232,Illinois,175.10001
61234,Illinois,8.3999996
61235,Illinois,10.3
61236,Illinois,51.599998
61238,Illinois,12.1
61240,Illinois,61.5
61241,Illinois,152.39999
61242,Illinois,14.1
61243,Illinois,3.7
61250,Illinois,12.3
61251,Illinois,7.5
61252,Illinois,35.599998
61254,Illinois,25.5
61257,Illinois,11.4
61259,Illinois,6.4000001
61260,Illinois,5.5999999
61261,Illinois,21
61262,Illinois,10.7
61264,Illinois,56.799999
61270,Illinois,18.6
61272,Illinois,6.4000001
61273,Illinois,27.4
61274,Illinois,5.5
61275,Illinois,50
61276,Illinois,22.799999
61277,Illinois,10.2
61278,Illinois,157.7
61279,Illinois,9.6000004
61281,Illinois,26
61283,Illinois,7.5999999
61284,Illinois,19.6
61285,Illinois,15.9
61301,Illinois,102.7
61310,Illinois,14.3
61311,Illinois,5.8000002
61312,Illinois,5.1999998
61313,Illinois,2.5999999
61314,Illinois,6.6999998
61315,Illinois,86.400002
61316,Illinois,68.800003
61317,Illinois,60.599998
61318,Illinois,7.8000002
61319,Illinois,10.1
61321,Illinois,3.9000001
61322,Illinois,161.2
61325,Illinois,8.1999998
61326,Illinois,19.200001
61327,Illinois,13.9
61328,Illinois,33.299999
61330,Illinois,7.4000001
61332,Illinois,101.7
61333,Illinois,8.1999998
61334,Illinois,7.6999998
61335,Illinois,9.8000002
61336,Illinois,6.1999998
61337,Illinois,27.799999
61341,Illinois,35
61342,Illinois,33.900002
61344,Illinois,5.9000001
61345,Illinois,6.6999998
61346,Illinois,162.3
61348,Illinois,47.599998
61349,Illinois,5.6999998
61350,Illinois,60.900002
61353,Illinois,16.200001
61354,Illinois,99.099998
61356,Illinois,24.5
61358,Illinois,7.4000001
61359,Illinois,145.5
61360,Illinois,26.4
61361,Illinois,6.4000001
61362,Illinois,91.5
61363,Illinois,165
61364,Illinois,53.599998
61367,Illinois,7.1999998
61368,Illinois,7.8000002
61369,Illinois,14.4
61370,Illinois,10.7
61373,Illinois,16.200001
61374,Illinois,16.299999
61375,Illinois,9.3000002
61376,Illinois,9.1000004
61377,Illinois,10.3
61378,Illinois,3.3
61379,Illinois,12.7
61401,Illinois,117.4
61410,Illinois,36.700001
61411,Illinois,3.9000001
61412,Illinois,6.8000002
61413,Illinois,13.1
61414,Illinois,6.5
61415,Illinois,6
61416,Illinois,102.9
61417,Illinois,3.5
61418,Illinois,4.9000001
61419,Illinois,93.900002
61420,Illinois,5.8000002
61421,Illinois,5.6999998
61422,Illinois,33.299999
61423,Illinois,5.4000001
61424,Illinois,52.900002
61425,Illinois,6
61426,Illinois,13
61427,Illinois,15.3
61428,Illinois,11.6
61430,Illinois,184.3
61431,Illinois,4.3000002
61432,Illinois,7.0999999
61433,Illinois,26.9
61434,Illinois,16.200001
61435,Illinois,4.5999999
61436,Illinois,6
61437,Illinois,7.8000002
61438,Illinois,6.8000002
61439,Illinois,154.2
61440,Illinois,5.8000002
61441,Illinois,5.5999999
61442,Illinois,11.3
61443,Illinois,56.299999
61447,Illinois,9.6000004
61448,Illinois,35
61449,Illinois,5.3000002
61450,Illinois,8
61451,Illinois,6.5999999
61452,Illinois,3.9000001
61453,Illinois,5.3000002
61454,Illinois,9
61455,Illinois,49.900002
61458,Illinois,3.8
61459,Illinois,4.8000002
61460,Illinois,3.2
61462,Illinois,28.700001
61465,Illinois,11.2
61466,Illinois,5.5999999
61467,Illinois,8.1999998
61468,Illinois,20.6
61469,Illinois,18.5
61470,Illinois,9.5
61471,Illinois,167.2
61472,Illinois,6.3000002
61473,Illinois,6.1999998
61474,Illinois,4
61475,Illinois,2.7
61476,Illinois,3.9000001
61477,Illinois,4.9000001
61478,Illinois,3.0999999
61479,Illinois,5.3000002
61480,Illinois,8
61482,Illinois,4.5
61483,Illinois,8
61484,Illinois,8.3000002
61485,Illinois,5
61486,Illinois,13.9
61488,Illinois,16.700001
61489,Illinois,7.5999999
61490,Illinois,10.7
61491,Illinois,8.5
61501,Illinois,9.6000004
61516,Illinois,8.8000002
61517,Illinois,18.299999
61519,Illinois,75.800003
61520,Illinois,44.799999
61523,Illinois,81
61525,Illinois,111.2
61526,Illinois,13.2
61528,Illinois,56.299999
61529,Illinois,17.4
61530,Illinois,41.599998
61531,Illinois,23.200001
61532,Illinois,6.1999998
61533,Illinois,22.9
61534,Illinois,12.2
61535,Illinois,72.599998
61536,Illinois,27.4
61537,Illinois,19.5
61539,Illinois,101.4
61540,Illinois,21.6
61542,Illinois,12.7
61543,Illinois,7.5
61544,Illinois,8.3999996
61545,Illinois,8.1999998
61546,Illinois,16.6
61547,Illinois,66
61548,Illinois,61.599998
61550,Illinois,167.3
61552,Illinois,171.8
61559,Illinois,13.1
61560,Illinois,8.8000002
61561,Illinois,19.5
61565,Illinois,8.8000002
61567,Illinois,6.5
61568,Illinois,25.6
61569,Illinois,12
61570,Illinois,10.9
61571,Illinois,161.39999
61572,Illinois,11.6
61607,Illinois,131.8
61705,Illinois,54.200001
61720,Illinois,3.2
61721,Illinois,6.6999998
61722,Illinois,4.1999998
61723,Illinois,13.8
61724,Illinois,5.4000001
61725,Illinois,12.4
61726,Illinois,10.8
61727,Illinois,31.4
61728,Illinois,8.3000002
61729,Illinois,22
61730,Illinois,5
61731,Illinois,4.9000001
61732,Illinois,14.5
61733,Illinois,20.200001
61734,Illinois,13.4
61735,Illinois,5.1999998
61736,Illinois,19
61737,Illinois,5.8000002
61738,Illinois,20.4
61739,Illinois,19.4
61740,Illinois,8.6000004
61741,Illinois,12
61742,Illinois,69.800003
61743,Illinois,5.4000001
61744,Illinois,10
61745,Illinois,21.700001
61747,Illinois,21.700001
61748,Illinois,27.200001
61749,Illinois,6.5999999
61750,Illinois,43
61751,Illinois,28.799999
61752,Illinois,20.1
61753,Illinois,13.7
61754,Illinois,7.1999998
61755,Illinois,36.799999
61756,Illinois,10.9
61759,Illinois,17.4
61760,Illinois,13.4
61764,Illinois,34.299999
61769,Illinois,6.3000002
61770,Illinois,6.9000001
61771,Illinois,14.4
61772,Illinois,4.9000001
61773,Illinois,4.1999998
61774,Illinois,8.6000004
61775,Illinois,3.4000001
61776,Illinois,12.4
61777,Illinois,9.1000004
61778,Illinois,8.6999998
61802,Illinois,88.800003
61810,Illinois,6.8000002
61811,Illinois,9.6000004
61812,Illinois,5.4000001
61813,Illinois,11.7
61814,Illinois,20.700001
61816,Illinois,6.8000002
61817,Illinois,35.799999
61818,Illinois,15.6
61822,Illinois,76.800003
61830,Illinois,4.8000002
61831,Illinois,5.1999998
61834,Illinois,30.4
61839,Illinois,6.8000002
61840,Illinois,8.1999998
61841,Illinois,9.3000002
61842,Illinois,11.6
61843,Illinois,24
61844,Illinois,6.5
61845,Illinois,4.6999998
61846,Illinois,45
61847,Illinois,15.6
61848,Illinois,113.3
61849,Illinois,12.4
61850,Illinois,7.5
61851,Illinois,4.9000001
61852,Illinois,5.0999999
61853,Illinois,105.3
61854,Illinois,10.4
61855,Illinois,3.5999999
61856,Illinois,27.5
61858,Illinois,41.900002
61859,Illinois,16
61862,Illinois,4.9000001
61863,Illinois,9.6999998
61864,Illinois,29.1
61865,Illinois,7
61866,Illinois,67.599998
61870,Illinois,12.4
61872,Illinois,8.8999996
61873,Illinois,35.900002
61875,Illinois,9.1999998
61876,Illinois,7.0999999
61877,Illinois,22.299999
61878,Illinois,19.9
61880,Illinois,26.700001
61882,Illinois,7.3000002
61883,Illinois,80.5
61884,Illinois,18.799999
61910,Illinois,16.6
61911,Illinois,29.799999
61912,Illinois,10.2
61913,Illinois,15.6
61914,Illinois,12.5
61917,Illinois,3.5999999
61919,Illinois,14.3
61920,Illinois,66
61924,Illinois,6.5
61925,Illinois,8.3999996
61928,Illinois,8.1000004
61929,Illinois,7.3000002
61930,Illinois,6.4000001
61931,Illinois,15.2
61932,Illinois,8.1999998
61933,Illinois,7.4000001
61936,Illinois,41.799999
61937,Illinois,8.3000002
61938,Illinois,69.400002
61940,Illinois,3.5
61941,Illinois,16.1
61942,Illinois,6.5999999
61943,Illinois,8.1000004
61944,Illinois,18.799999
61949,Illinois,24.299999
61951,Illinois,23
61953,Illinois,19.9
61956,Illinois,33.200001
61957,Illinois,8.8000002
62001,Illinois,13.2
62006,Illinois,8.5
62009,Illinois,185.5
62011,Illinois,3.8
62012,Illinois,43.200001
62013,Illinois,8.6000004
62014,Illinois,26.799999
62015,Illinois,5.5999999
62016,Illinois,11.1
62017,Illinois,14.4
62019,Illinois,7
62021,Illinois,18
62022,Illinois,23.4
62023,Illinois,113
62025,Illinois,119.5
62027,Illinois,3.2
62028,Illinois,83.5
62031,Illinois,6.5
62032,Illinois,6.0999999
62033,Illinois,38.299999
62035,Illinois,137.7
62036,Illinois,9.5
62037,Illinois,13.2
62044,Illinois,7.4000001
62045,Illinois,6.5999999
62047,Illinois,16.700001
62048,Illinois,73.800003
62049,Illinois,38.5
62050,Illinois,3.3
62051,Illinois,9.6000004
62052,Illinois,35.599998
62053,Illinois,5.5
62054,Illinois,8.6000004
62056,Illinois,32
62061,Illinois,27.4
62063,Illinois,9.6999998
62065,Illinois,3.5
62067,Illinois,50.299999
62069,Illinois,40.200001
62070,Illinois,8.3999996
62074,Illinois,10.1
62075,Illinois,12.1
62076,Illinois,135.3
62078,Illinois,103.1
62079,Illinois,10.4
62080,Illinois,8
62081,Illinois,4.6999998
62082,Illinois,11.1
62083,Illinois,5.8000002
62084,Illinois,116.6
62085,Illinois,101.6
62086,Illinois,10.5
62088,Illinois,62.099998
62091,Illinois,4.0999999
62092,Illinois,18.5
62094,Illinois,13.9
62097,Illinois,28.200001
62098,Illinois,10.8
62214,Illinois,7.4000001
62215,Illinois,67.800003
62216,Illinois,45.799999
62217,Illinois,11.3
62218,Illinois,12.4
62230,Illinois,48
62231,Illinois,15.4
62233,Illinois,59.400002
62236,Illinois,88.800003
62237,Illinois,10.7
62238,Illinois,6.3000002
62240,Illinois,46.799999
62241,Illinois,11.2
62242,Illinois,10.7
62243,Illinois,43.400002
62244,Illinois,8.8999996
62245,Illinois,32.299999
62246,Illinois,28
62249,Illinois,72.300003
62253,Illinois,8
62254,Illinois,62.099998
62255,Illinois,15.3
62257,Illinois,16.799999
62258,Illinois,48.299999
62260,Illinois,59.299999
62261,Illinois,2
62262,Illinois,10.4
62263,Illinois,14.3
62264,Illinois,19.700001
62265,Illinois,43.400002
62266,Illinois,86.5
62268,Illinois,5.5
62271,Illinois,13.8
62272,Illinois,17.1
62273,Illinois,122.4
62274,Illinois,23.299999
62275,Illinois,13.7
62277,Illinois,7.9000001
62278,Illinois,25.200001
62280,Illinois,3.3
62281,Illinois,24.6
62282,Illinois,178.5
62284,Illinois,8.8000002
62285,Illinois,105.8
62286,Illinois,21.4
62288,Illinois,29.700001
62293,Illinois,30.799999
62294,Illinois,180
62295,Illinois,9.1000004
62297,Illinois,7.3000002
62298,Illinois,44.5
62305,Illinois,50.400002
62311,Illinois,6.5
62312,Illinois,9.1000004
62313,Illinois,3.5
62314,Illinois,3.4000001
62316,Illinois,6.1999998
62319,Illinois,2.5
62320,Illinois,9.6999998
62321,Illinois,9.3999996
62323,Illinois,2.7
62324,Illinois,5.9000001
62325,Illinois,9.8999996
62326,Illinois,12.6
62330,Illinois,8.3999996
62334,Illinois,29.700001
62338,Illinois,15.5
62339,Illinois,10.3
62340,Illinois,7.3000002
62341,Illinois,30
62343,Illinois,3.5999999
62344,Illinois,1.5
62345,Illinois,6.4000001
62346,Illinois,2
62347,Illinois,7.3000002
62348,Illinois,36.400002
62349,Illinois,5.5
62351,Illinois,9.6999998
62353,Illinois,11.6
62354,Illinois,17.700001
62355,Illinois,3.9000001
62356,Illinois,3.8
62357,Illinois,4.6999998
62358,Illinois,6.6999998
62359,Illinois,16
62360,Illinois,17.9
62361,Illinois,3.5
62363,Illinois,15.5
62365,Illinois,8.8999996
62366,Illinois,7.5999999
62367,Illinois,4.5
62370,Illinois,3.2
62373,Illinois,3.2
62374,Illinois,5
62375,Illinois,3.2
62376,Illinois,6.0999999
62378,Illinois,5.1999998
62379,Illinois,8.3000002
62380,Illinois,3.5999999
62401,Illinois,70.800003
62410,Illinois,10.1
62411,Illinois,19.9
62413,Illinois,5.1999998
62414,Illinois,9.8999996
62417,Illinois,32.700001
62418,Illinois,8.8999996
62419,Illinois,6.9000001
62420,Illinois,14.9
62421,Illinois,5.6999998
62422,Illinois,11.2
62423,Illinois,12.1
62424,Illinois,9.3999996
62425,Illinois,6
62426,Illinois,8.8000002
62427,Illinois,7.4000001
62428,Illinois,12.5
62431,Illinois,8.6000004
62432,Illinois,5.5
62433,Illinois,12
62434,Illinois,4.8000002
62436,Illinois,9.6999998
62438,Illinois,6.3000002
62439,Illinois,20.6
62440,Illinois,13.2
62441,Illinois,16.5
62442,Illinois,6.5999999
62443,Illinois,8.5
62444,Illinois,5.0999999
62445,Illinois,7.4000001
62446,Illinois,2.7
62447,Illinois,22
62448,Illinois,11
62449,Illinois,10
62450,Illinois,31
62451,Illinois,13.4
62452,Illinois,7.6999998
62454,Illinois,36
62458,Illinois,15.1
62459,Illinois,85.900002
62460,Illinois,10.3
62461,Illinois,8.1999998
62462,Illinois,11
62463,Illinois,10.7
62465,Illinois,8.8999996
62466,Illinois,13.2
62467,Illinois,24.5
62468,Illinois,14
62469,Illinois,6.9000001
62471,Illinois,28.9
62473,Illinois,24.799999
62474,Illinois,9
62475,Illinois,4.9000001
62476,Illinois,8.8999996
62477,Illinois,5.8000002
62478,Illinois,5.1999998
62479,Illinois,6
62480,Illinois,5.3000002
62481,Illinois,4.0999999
62501,Illinois,13
62510,Illinois,8.3999996
62512,Illinois,4.0999999
62513,Illinois,9.8000002
62514,Illinois,87.199997
62515,Illinois,5.8000002
62518,Illinois,6.9000001
62519,Illinois,24.1
62520,Illinois,27
62530,Illinois,20.9
62531,Illinois,11.5
62532,Illinois,19.4
62533,Illinois,7.8000002
62534,Illinois,7.4000001
62536,Illinois,50.900002
62537,Illinois,38.200001
62538,Illinois,4.3000002
62539,Illinois,11.3
62541,Illinois,53.599998
62543,Illinois,10.1
62544,Illinois,10
62545,Illinois,17.299999
62546,Illinois,5.5
62547,Illinois,7.4000001
62548,Illinois,9.8000002
62550,Illinois,12.5
62551,Illinois,12
62553,Illinois,4.6999998
62554,Illinois,32.799999
62555,Illinois,5.9000001
62556,Illinois,7.5999999
62557,Illinois,23.6
62558,Illinois,15
62560,Illinois,9.1999998
62561,Illinois,77.300003
62563,Illinois,38.099998
62565,Illinois,23.9
62567,Illinois,11.6
62568,Illinois,50.200001
62571,Illinois,8.6999998
62572,Illinois,6.1999998
62573,Illinois,13.2
62601,Illinois,3.7
62611,Illinois,5.5999999
62612,Illinois,8.1999998
62613,Illinois,22.9
62615,Illinois,43.700001
62617,Illinois,5.0999999
62618,Illinois,35.799999
62621,Illinois,8.6000004
62622,Illinois,10.1
62624,Illinois,6
62625,Illinois,14.6
62626,Illinois,18.799999
62627,Illinois,4.3000002
62628,Illinois,9.1999998
62629,Illinois,131.7
62630,Illinois,5
62631,Illinois,7.3000002
62633,Illinois,3.5999999
62634,Illinois,5.5999999
62635,Illinois,7.3000002
62638,Illinois,7.5999999
62639,Illinois,3.5999999
62640,Illinois,19
62642,Illinois,7.4000001
62643,Illinois,5.9000001
62644,Illinois,20.1
62649,Illinois,5
62650,Illinois,51.099998
62655,Illinois,3.9000001
62656,Illinois,54.599998
62661,Illinois,11.5
62663,Illinois,109.4
62664,Illinois,10.8
62665,Illinois,14.5
62666,Illinois,7.9000001
62667,Illinois,4.9000001
62668,Illinois,9.1000004
62670,Illinois,13.7
62671,Illinois,4.5999999
62672,Illinois,128.5
62673,Illinois,6.5
62674,Illinois,7.5
62675,Illinois,21.799999
62677,Illinois,10.8
62681,Illinois,12.5
62682,Illinois,8.3999996
62684,Illinois,78.5
62685,Illinois,9.6000004
62688,Illinois,6.3000002
62690,Illinois,31.5
62691,Illinois,8.6999998
62692,Illinois,9.1999998
62693,Illinois,16
62694,Illinois,7.9000001
62707,Illinois,68.800003
62801,Illinois,63.400002
62803,Illinois,6.8000002
62806,Illinois,12.9
62807,Illinois,8.3999996
62808,Illinois,7.4000001
62809,Illinois,4.6999998
62810,Illinois,6.9000001
62812,Illinois,45.5
62814,Illinois,11.6
62815,Illinois,7.6999998
62816,Illinois,14.6
62817,Illinois,3.0999999
62818,Illinois,4.9000001
62819,Illinois,154.60001
62820,Illinois,2.9000001
62821,Illinois,16.799999
62823,Illinois,8.1000004
62824,Illinois,6.4000001
62827,Illinois,7.4000001
62828,Illinois,6.6999998
62829,Illinois,16.200001
62830,Illinois,18.9
62831,Illinois,5.5
62832,Illinois,36.700001
62833,Illinois,3.2
62835,Illinois,6.0999999
62836,Illinois,8.1000004
62837,Illinois,21
62838,Illinois,6.8000002
62839,Illinois,35.400002
62842,Illinois,7.3000002
62843,Illinois,6.4000001
62844,Illinois,18.200001
62846,Illinois,47.799999
62848,Illinois,75
62849,Illinois,7.5
62850,Illinois,5.1999998
62851,Illinois,4.5
62853,Illinois,14.9
62854,Illinois,7.5
62856,Illinois,134.5
62858,Illinois,7.5
62859,Illinois,10.7
62860,Illinois,6.0999999
62861,Illinois,90.900002
62862,Illinois,5.1999998
62863,Illinois,26.299999
62864,Illinois,64.099998
62865,Illinois,14.3
62867,Illinois,6
62868,Illinois,7.1999998
62869,Illinois,11.5
62870,Illinois,20.6
62871,Illinois,5.1999998
62872,Illinois,19.200001
62874,Illinois,101.3
62875,Illinois,6.5999999
62876,Illinois,31
62877,Illinois,6.0999999
62878,Illinois,4.5
62879,Illinois,160.2
62880,Illinois,6.6999998
62881,Illinois,43.799999
62882,Illinois,28.5
62883,Illinois,5.5999999
62884,Illinois,36.299999
62885,Illinois,6.5999999
62886,Illinois,5.6999998
62887,Illinois,5
62888,Illinois,10.7
62889,Illinois,10.8
62890,Illinois,10.6
62892,Illinois,5.5
62893,Illinois,20.299999
62894,Illinois,8.6000004
62895,Illinois,7.5999999
62896,Illinois,75.699997
62897,Illinois,12.3
62898,Illinois,15
62899,Illinois,6.0999999
62902,Illinois,28.5
62903,Illinois,57.700001
62905,Illinois,7.5999999
62906,Illinois,46
62907,Illinois,9.1000004
62908,Illinois,3.5999999
62910,Illinois,10.7
62912,Illinois,8.5
62914,Illinois,61.900002
62916,Illinois,11.3
62917,Illinois,27.799999
62918,Illinois,105
62919,Illinois,7.9000001
62920,Illinois,19.200001
62922,Illinois,18.6
62923,Illinois,6.5999999
62924,Illinois,25.6
62926,Illinois,10.9
62928,Illinois,6.6999998
62930,Illinois,34.099998
62931,Illinois,5.9000001
62932,Illinois,16
62934,Illinois,4.6999998
62935,Illinois,13.5
62938,Illinois,7
62939,Illinois,27.4
62940,Illinois,6.6999998
62941,Illinois,9.1999998
62942,Illinois,8.3999996
62943,Illinois,7.1999998
62946,Illinois,35.900002
62947,Illinois,3
62950,Illinois,2.5
62951,Illinois,83.699997
62952,Illinois,13.3
62953,Illinois,160.89999
62954,Illinois,4.0999999
62956,Illinois,12.9
62957,Illinois,9
62958,Illinois,19.1
62959,Illinois,76.900002
62960,Illinois,38.5
62961,Illinois,111.9
62962,Illinois,.80000001
62963,Illinois,51.299999
62964,Illinois,21.4
62965,Illinois,75.599998
62966,Illinois,53.200001
62967,Illinois,19.4
62969,Illinois,14.2
62970,Illinois,8.8999996
62972,Illinois,7
62974,Illinois,20.200001
62975,Illinois,4.6999998
62976,Illinois,6.9000001
62977,Illinois,13.7
62979,Illinois,6.1999998
62982,Illinois,65.800003
62983,Illinois,28.799999
62984,Illinois,9
62985,Illinois,4.9000001
62987,Illinois,5.5
62988,Illinois,13.1
62990,Illinois,10
62992,Illinois,11.5
62994,Illinois,7.8000002
62995,Illinois,18.799999
62996,Illinois,8.1000004
62998,Illinois,3.5
